StartDate,EndDate,Status,Progress,Duration (in seconds),Finished,RecordedDate,ResponseId,DistributionChannel,UserLanguage,Q_RecaptchaScore,Q_DuplicateRespondent,Q_BallotBoxStuffing,Consent,Over 18,Preference 1 D1,Preference 2 D1,Preference 3 D1,Preference 4 D1,Preference 5 D1,Preference 6 D1,Preference 7 D1,Preference 8 D1,Preference 9 D1,Preference 10 D1,Preference 1 D2,Preference 2 D2,Preference 3 D2,Preference 4 D2,Preference 5 D2,Preference 6 D2,Preference 7 D2,Preference 8 D2,Preference 9 D2,Preference 10 D2,Scale D1 Q1 T_1,Scale D1 Q1 T_2,Scale D1 Q1 T_3,Scale D1 Q1 T_4,Scale D1 Q1 T_5,Scale D1 Q1 T_6,Scale D1 Q1 T_7,Scale D1 Q1 T_8,Scale D1 Q1 T_9,Scale D1 Q1 T_10,Scale D1 Q1 C_1,Scale D1 Q1 C_2,Scale D1 Q1 C_3,Scale D1 Q1 C_4,Scale D1 Q1 C_5,Scale D1 Q1 C_6,Scale D1 Q1 C_7,Scale D1 Q1 C_8,Scale D1 Q1 C_9,Scale D1 Q1 C_10,Scale D1 Q2 T_1,Scale D1 Q2 T_2,Scale D1 Q2 T_3,Scale D1 Q2 T_4,Scale D1 Q2 T_5,Scale D1 Q2 T_6,Scale D1 Q2 T_7,Scale D1 Q2 T_8,Scale D1 Q2 T_9,Scale D1 Q2 T_10,Scale D1 Q2 C_1,Scale D1 Q2 C_2,Scale D1 Q2 C_3,Scale D1 Q2 C_4,Scale D1 Q2 C_5,Scale D1 Q2 C_6,Scale D1 Q2 C_7,Scale D1 Q2 C_8,Scale D1 Q2 C_9,Scale D1 Q2 C_10,Scale D1 Q3 T_1,Scale D1 Q3 T_2,Scale D1 Q3 T_3,Scale D1 Q3 T_4,Scale D1 Q3 T_5,Scale D1 Q3 T_6,Scale D1 Q3 T_7,Scale D1 Q3 T_8,Scale D1 Q3 T_9,Scale D1 Q3 T_10,Scale D1 Q3 C_1,Scale D1 Q3 C_2,Scale D1 Q3 C_3,Scale D1 Q3 C_4,Scale D1 Q3 C_5,Scale D1 Q3 C_6,Scale D1 Q3 C_7,Scale D1 Q3 C_8,Scale D1 Q3 C_9,Scale D1 Q3 C_10,Scale D1 Q4 T_1,Scale D1 Q4 T_2,Scale D1 Q4 T_3,Scale D1 Q4 T_4,Scale D1 Q4 T_5,Scale D1 Q4 T_6,Scale D1 Q4 T_7,Scale D1 Q4 T_8,Scale D1 Q4 T_9,Scale D1 Q4 T_10,Scale D1 Q4 C_1,Scale D1 Q4 C_2,Scale D1 Q4 C_3,Scale D1 Q4 C_4,Scale D1 Q4 C_5,Scale D1 Q4 C_6,Scale D1 Q4 C_7,Scale D1 Q4 C_8,Scale D1 Q4 C_9,Scale D1 Q4 C_10,Scale D1 Q5 T_1,Scale D1 Q5 T_2,Scale D1 Q5 T_3,Scale D1 Q5 T_4,Scale D1 Q5 T_5,Scale D1 Q5 T_6,Scale D1 Q5 T_7,Scale D1 Q5 T_8,Scale D1 Q5 T_9,Scale D1 Q5 T_10,Scale D1 Q5 C_1,Scale D1 Q5 C_2,Scale D1 Q5 C_3,Scale D1 Q5 C_4,Scale D1 Q5 C_5,Scale D1 Q5 C_6,Scale D1 Q5 C_7,Scale D1 Q5 C_8,Scale D1 Q5 C_9,Scale D1 Q5 C_10,Scale D1 Q6 T_1,Scale D1 Q6 T_2,Scale D1 Q6 T_3,Scale D1 Q6 T_4,Scale D1 Q6 T_5,Scale D1 Q6 T_6,Scale D1 Q6 T_7,Scale D1 Q6 T_8,Scale D1 Q6 T_9,Scale D1 Q6 T_10,Scale D1 Q6 C_1,Scale D1 Q6 C_2,Scale D1 Q6 C_3,Scale D1 Q6 C_4,Scale D1 Q6 C_5,Scale D1 Q6 C_6,Scale D1 Q6 C_7,Scale D1 Q6 C_8,Scale D1 Q6 C_9,Scale D1 Q6 C_10,Scale D1 Q7 T_1,Scale D1 Q7 T_2,Scale D1 Q7 T_3,Scale D1 Q7 T_4,Scale D1 Q7 T_5,Scale D1 Q7 T_6,Scale D1 Q7 T_7,Scale D1 Q7 T_8,Scale D1 Q7 T_9,Scale D1 Q7 T_10,Scale D1 Q7 C_1,Scale D1 Q7 C_2,Scale D1 Q7 C_3,Scale D1 Q7 C_4,Scale D1 Q7 C_5,Scale D1 Q7 C_6,Scale D1 Q7 C_7,Scale D1 Q7 C_8,Scale D1 Q7 C_9,Scale D1 Q7 C_10,Scale D1 Q8 T_1,Scale D1 Q8 T_2,Scale D1 Q8 T_3,Scale D1 Q8 T_4,Scale D1 Q8 T_5,Scale D1 Q8 T_6,Scale D1 Q8 T_7,Scale D1 Q8 T_8,Scale D1 Q8 T_9,Scale D1 Q8 T_10,Scale D1 Q8 C_1,Scale D1 Q8 C_2,Scale D1 Q8 C_3,Scale D1 Q8 C_4,Scale D1 Q8 C_5,Scale D1 Q8 C_6,Scale D1 Q8 C_7,Scale D1 Q8 C_8,Scale D1 Q8 C_9,Scale D1 Q8 C_10,Scale D1 Q9 T_1,Scale D1 Q9 T_2,Scale D1 Q9 T_3,Scale D1 Q9 T_4,Scale D1 Q9 T_5,Scale D1 Q9 T_6,Scale D1 Q9 T_7,Scale D1 Q9 T_8,Scale D1 Q9 T_9,Scale D1 Q9 T_10,Scale D1 Q9 C_1,Scale D1 Q9 C_2,Scale D1 Q9 C_3,Scale D1 Q9 C_4,Scale D1 Q9 C_5,Scale D1 Q9 C_6,Scale D1 Q9 C_7,Scale D1 Q9 C_8,Scale D1 Q9 C_9,Scale D1 Q9 C_10,Scale D1 Q10 T_1,Scale D1 Q10 T_2,Scale D1 Q10 T_3,Scale D1 Q10 T_4,Scale D1 Q10 T_5,Scale D1 Q10 T_6,Scale D1 Q10 T_7,Scale D1 Q10 T_8,Scale D1 Q10 T_9,Scale D1 Q10 T_10,Scale D1 Q10 C_1,Scale D1 Q10 C_2,Scale D1 Q10 C_3,Scale D1 Q10 C_4,Scale D1 Q10 C_5,Scale D1 Q10 C_6,Scale D1 Q10 C_7,Scale D1 Q10 C_8,Scale D1 Q10 C_9,Scale D1 Q10 C_10,Scale D2 Q1 T_1,Scale D2 Q1 T_2,Scale D2 Q1 T_3,Scale D2 Q1 T_4,Scale D2 Q1 T_5,Scale D2 Q1 T_6,Scale D2 Q1 T_7,Scale D2 Q1 T_8,Scale D2 Q1 T_9,Scale D2 Q1 T_10,Scale D2 Q1 C_1,Scale D2 Q1 C_2,Scale D2 Q1 C_3,Scale D2 Q1 C_4,Scale D2 Q1 C_5,Scale D2 Q1 C_6,Scale D2 Q1 C_7,Scale D2 Q1 C_8,Scale D2 Q1 C_9,Scale D2 Q1 C_10,Scale D2 Q2 T_1,Scale D2 Q2 T_2,Scale D2 Q2 T_3,Scale D2 Q2 T_4,Scale D2 Q2 T_5,Scale D2 Q2 T_6,Scale D2 Q2 T_7,Scale D2 Q2 T_8,Scale D2 Q2 T_9,Scale D2 Q2 T_10,Scale D2 Q2 C_1,Scale D2 Q2 C_2,Scale D2 Q2 C_3,Scale D2 Q2 C_4,Scale D2 Q2 C_5,Scale D2 Q2 C_6,Scale D2 Q2 C_7,Scale D2 Q2 C_8,Scale D2 Q2 C_9,Scale D2 Q2 C_10,Scale D2 Q3 T_1,Scale D2 Q3 T_2,Scale D2 Q3 T_3,Scale D2 Q3 T_4,Scale D2 Q3 T_5,Scale D2 Q3 T_6,Scale D2 Q3 T_7,Scale D2 Q3 T_8,Scale D2 Q3 T_9,Scale D2 Q3 T_10,Scale D2 Q3 C_1,Scale D2 Q3 C_2,Scale D2 Q3 C_3,Scale D2 Q3 C_4,Scale D2 Q3 C_5,Scale D2 Q3 C_6,Scale D2 Q3 C_7,Scale D2 Q3 C_8,Scale D2 Q3 C_9,Scale D2 Q3 C_10,Scale D2 Q4 T_1,Scale D2 Q4 T_2,Scale D2 Q4 T_3,Scale D2 Q4 T_4,Scale D2 Q4 T_5,Scale D2 Q4 T_6,Scale D2 Q4 T_7,Scale D2 Q4 T_8,Scale D2 Q4 T_9,Scale D2 Q4 T_10,Scale D2 Q4 C_1,Scale D2 Q4 C_2,Scale D2 Q4 C_3,Scale D2 Q4 C_4,Scale D2 Q4 C_5,Scale D2 Q4 C_6,Scale D2 Q4 C_7,Scale D2 Q4 C_8,Scale D2 Q4 C_9,Scale D2 Q4 C_10,Scale D2 Q5 T_1,Scale D2 Q5 T_2,Scale D2 Q5 T_3,Scale D2 Q5 T_4,Scale D2 Q5 T_5,Scale D2 Q5 T_6,Scale D2 Q5 T_7,Scale D2 Q5 T_8,Scale D2 Q5 T_9,Scale D2 Q5 T_10,Scale D2 Q5 C_1,Scale D2 Q5 C_2,Scale D2 Q5 C_3,Scale D2 Q5 C_4,Scale D2 Q5 C_5,Scale D2 Q5 C_6,Scale D2 Q5 C_7,Scale D2 Q5 C_8,Scale D2 Q5 C_9,Scale D2 Q5 C_10,Scale D2 Q6 T_1,Scale D2 Q6 T_2,Scale D2 Q6 T_3,Scale D2 Q6 T_4,Scale D2 Q6 T_5,Scale D2 Q6 T_6,Scale D2 Q6 T_7,Scale D2 Q6 T_8,Scale D2 Q6 T_9,Scale D2 Q6 T_10,Scale D2 Q6 C_1,Scale D2 Q6 C_2,Scale D2 Q6 C_3,Scale D2 Q6 C_4,Scale D2 Q6 C_5,Scale D2 Q6 C_6,Scale D2 Q6 C_7,Scale D2 Q6 C_8,Scale D2 Q6 C_9,Scale D2 Q6 C_10,Scale D2 Q7 T_1,Scale D2 Q7 T_2,Scale D2 Q7 T_3,Scale D2 Q7 T_4,Scale D2 Q7 T_5,Scale D2 Q7 T_6,Scale D2 Q7 T_7,Scale D2 Q7 T_8,Scale D2 Q7 T_9,Scale D2 Q7 T_10,Scale D2 Q7 C_1,Scale D2 Q7 C_2,Scale D2 Q7 C_3,Scale D2 Q7 C_4,Scale D2 Q7 C_5,Scale D2 Q7 C_6,Scale D2 Q7 C_7,Scale D2 Q7 C_8,Scale D2 Q7 C_9,Scale D2 Q7 C_10,Scale D2 Q8 T_1,Scale D2 Q8 T_2,Scale D2 Q8 T_3,Scale D2 Q8 T_4,Scale D2 Q8 T_5,Scale D2 Q8 T_6,Scale D2 Q8 T_7,Scale D2 Q8 T_8,Scale D2 Q8 T_9,Scale D2 Q8 T_10,Scale D2 Q8 C_1,Scale D2 Q8 C_2,Scale D2 Q8 C_3,Scale D2 Q8 C_4,Scale D2 Q8 C_5,Scale D2 Q8 C_6,Scale D2 Q8 C_7,Scale D2 Q8 C_8,Scale D2 Q8 C_9,Scale D2 Q8 C_10,Scale D2 Q9 T_1,Scale D2 Q9 T_2,Scale D2 Q9 T_3,Scale D2 Q9 T_4,Scale D2 Q9 T_5,Scale D2 Q9 T_6,Scale D2 Q9 T_7,Scale D2 Q9 T_8,Scale D2 Q9 T_9,Scale D2 Q9 T_10,Scale D2 Q9 C_1,Scale D2 Q9 C_2,Scale D2 Q9 C_3,Scale D2 Q9 C_4,Scale D2 Q9 C_5,Scale D2 Q9 C_6,Scale D2 Q9 C_7,Scale D2 Q9 C_8,Scale D2 Q9 C_9,Scale D2 Q9 C_10,Scale D2 Q10 T_1,Scale D2 Q10 T_2,Scale D2 Q10 T_3,Scale D2 Q10 T_4,Scale D2 Q10 T_5,Scale D2 Q10 T_6,Scale D2 Q10 T_7,Scale D2 Q10 T_8,Scale D2 Q10 T_9,Scale D2 Q10 T_10,Scale D2 Q10 C_1,Scale D2 Q10 C_2,Scale D2 Q10 C_3,Scale D2 Q10 C_4,Scale D2 Q10 C_5,Scale D2 Q10 C_6,Scale D2 Q10 C_7,Scale D2 Q10 C_8,Scale D2 Q10 C_9,Scale D2 Q10 C_10,Q79,SC0,PROLIFIC_PID,STUDY_ID,SESSION_ID
Start Date,End Date,Response Type,Progress,Duration (in seconds),Finished,Recorded Date,Response ID,Distribution Channel,User Language,Q_RecaptchaScore,Q_DuplicateRespondent,Q_BallotBoxStuffing,Do you consent to participate in this study?,Are you over the age of 18?,Which explanation do you prefer?,Which explanation do you prefer?,Which explanation do you prefer?,Which explanation do you prefer?,Which explanation do you prefer?,Which explanation do you prefer?,Which explanation do you prefer?,Which explanation do you prefer?,Which explanation do you prefer?,Which explanation do you prefer?,Which explanation do you prefer?,Which explanation do you prefer?,Which explanation do you prefer?,Which explanation do you prefer?,Which explanation do you prefer?,Which explanation do you prefer?,Which explanation do you prefer?,Which explanation do you prefer?,Which explanation do you prefer?,Which explanation do you prefer?,"Please use the scale to evaluate the following explanation:

The customer is predicted to stay with the company because their tenure of 6853.95 is more than average. The fact that their internet service category is 'fibre optic', their online security category is 'no', their tech support category is not 'no', and their contract category is 'month-to-month' detracted from this prediction. - I have learned something from the explanation","Please use the scale to evaluate the following explanation:

The customer is predicted to stay with the company because their tenure of 6853.95 is more than average. The fact that their internet service category is 'fibre optic', their online security category is 'no', their tech support category is not 'no', and their contract category is 'month-to-month' detracted from this prediction. - The relationship between the input data and the predictions is vague","Please use the scale to evaluate the following explanation:

The customer is predicted to stay with the company because their tenure of 6853.95 is more than average. The fact that their internet service category is 'fibre optic', their online security category is 'no', their tech support category is not 'no', and their contract category is 'month-to-month' detracted from this prediction. - The structure of the explanation is not clear","Please use the scale to evaluate the following explanation:

The customer is predicted to stay with the company because their tenure of 6853.95 is more than average. The fact that their internet service category is 'fibre optic', their online security category is 'no', their tech support category is not 'no', and their contract category is 'month-to-month' detracted from this prediction. - It took me a long time to understand the explanation","Please use the scale to evaluate the following explanation:

The customer is predicted to stay with the company because their tenure of 6853.95 is more than average. The fact that their internet service category is 'fibre optic', their online security category is 'no', their tech support category is not 'no', and their contract category is 'month-to-month' detracted from this prediction. - The explanation is incomprehensible","Please use the scale to evaluate the following explanation:

The customer is predicted to stay with the company because their tenure of 6853.95 is more than average. The fact that their internet service category is 'fibre optic', their online security category is 'no', their tech support category is not 'no', and their contract category is 'month-to-month' detracted from this prediction. - The explanation provides useful information","Please use the scale to evaluate the following explanation:

The customer is predicted to stay with the company because their tenure of 6853.95 is more than average. The fact that their internet service category is 'fibre optic', their online security category is 'no', their tech support category is not 'no', and their contract category is 'month-to-month' detracted from this prediction. - External support was required to understand the explanation e.g. books, internet search, another person","Please use the scale to evaluate the following explanation:

The customer is predicted to stay with the company because their tenure of 6853.95 is more than average. The fact that their internet service category is 'fibre optic', their online security category is 'no', their tech support category is not 'no', and their contract category is 'month-to-month' detracted from this prediction. - The explanation is not interesting","Please use the scale to evaluate the following explanation:

The customer is predicted to stay with the company because their tenure of 6853.95 is more than average. The fact that their internet service category is 'fibre optic', their online security category is 'no', their tech support category is not 'no', and their contract category is 'month-to-month' detracted from this prediction. - The explanation allows me to understand the logic of the machine learning model used to generate the predictions","Please use the scale to evaluate the following explanation:

The customer is predicted to stay with the company because their tenure of 6853.95 is more than average. The fact that their internet service category is 'fibre optic', their online security category is 'no', their tech support category is not 'no', and their contract category is 'month-to-month' detracted from this prediction. - Thanks to the explanation, I believe that the model will return accurate predictions for all reasonable inputs","Please use the scale to evaluate the following explanation:

The customer is predicted to churn because their contract category is 'month-to-month'. The fact that their contract category is not 'two-year', their payment method category is not 'electronic check', their tech support category is not 'no', and their streaming movies category is not 'no-internet-service', detracted from this prediction. - I have learned something from the explanation","Please use the scale to evaluate the following explanation:

The customer is predicted to churn because their contract category is 'month-to-month'. The fact that their contract category is not 'two-year', their payment method category is not 'electronic check', their tech support category is not 'no', and their streaming movies category is not 'no-internet-service', detracted from this prediction. - The relationship between the input data and the predictions is vague","Please use the scale to evaluate the following explanation:

The customer is predicted to churn because their contract category is 'month-to-month'. The fact that their contract category is not 'two-year', their payment method category is not 'electronic check', their tech support category is not 'no', and their streaming movies category is not 'no-internet-service', detracted from this prediction. - The structure of the explanation is not clear","Please use the scale to evaluate the following explanation:

The customer is predicted to churn because their contract category is 'month-to-month'. The fact that their contract category is not 'two-year', their payment method category is not 'electronic check', their tech support category is not 'no', and their streaming movies category is not 'no-internet-service', detracted from this prediction. - It took me a long time to understand the explanation","Please use the scale to evaluate the following explanation:

The customer is predicted to churn because their contract category is 'month-to-month'. The fact that their contract category is not 'two-year', their payment method category is not 'electronic check', their tech support category is not 'no', and their streaming movies category is not 'no-internet-service', detracted from this prediction. - The explanation is incomprehensible","Please use the scale to evaluate the following explanation:

The customer is predicted to churn because their contract category is 'month-to-month'. The fact that their contract category is not 'two-year', their payment method category is not 'electronic check', their tech support category is not 'no', and their streaming movies category is not 'no-internet-service', detracted from this prediction. - The explanation provides useful information","Please use the scale to evaluate the following explanation:

The customer is predicted to churn because their contract category is 'month-to-month'. The fact that their contract category is not 'two-year', their payment method category is not 'electronic check', their tech support category is not 'no', and their streaming movies category is not 'no-internet-service', detracted from this prediction. - External support was required to understand the explanation e.g. books, internet search, another person","Please use the scale to evaluate the following explanation:

The customer is predicted to churn because their contract category is 'month-to-month'. The fact that their contract category is not 'two-year', their payment method category is not 'electronic check', their tech support category is not 'no', and their streaming movies category is not 'no-internet-service', detracted from this prediction. - The explanation is not interesting","Please use the scale to evaluate the following explanation:

The customer is predicted to churn because their contract category is 'month-to-month'. The fact that their contract category is not 'two-year', their payment method category is not 'electronic check', their tech support category is not 'no', and their streaming movies category is not 'no-internet-service', detracted from this prediction. - The explanation allows me to understand the logic of the machine learning model used to generate the predictions","Please use the scale to evaluate the following explanation:

The customer is predicted to churn because their contract category is 'month-to-month'. The fact that their contract category is not 'two-year', their payment method category is not 'electronic check', their tech support category is not 'no', and their streaming movies category is not 'no-internet-service', detracted from this prediction. - Thanks to the explanation, I believe that the model will return accurate predictions for all reasonable inputs","Please use the scale to evaluate the following explanation:

The customer is predicted to churn because their tenure of 629.08 is less than average, and their online security category is 'no', their tech support category is 'no', and their contract category is 'month-to-month'. The fact that their internet service category is not 'fibre optic' detracted from this prediction. - I have learned something from the explanation","Please use the scale to evaluate the following explanation:

The customer is predicted to churn because their tenure of 629.08 is less than average, and their online security category is 'no', their tech support category is 'no', and their contract category is 'month-to-month'. The fact that their internet service category is not 'fibre optic' detracted from this prediction. - The relationship between the input data and the predictions is vague","Please use the scale to evaluate the following explanation:

The customer is predicted to churn because their tenure of 629.08 is less than average, and their online security category is 'no', their tech support category is 'no', and their contract category is 'month-to-month'. The fact that their internet service category is not 'fibre optic' detracted from this prediction. - The structure of the explanation is not clear","Please use the scale to evaluate the following explanation:

The customer is predicted to churn because their tenure of 629.08 is less than average, and their online security category is 'no', their tech support category is 'no', and their contract category is 'month-to-month'. The fact that their internet service category is not 'fibre optic' detracted from this prediction. - It took me a long time to understand the explanation","Please use the scale to evaluate the following explanation:

The customer is predicted to churn because their tenure of 629.08 is less than average, and their online security category is 'no', their tech support category is 'no', and their contract category is 'month-to-month'. The fact that their internet service category is not 'fibre optic' detracted from this prediction. - The explanation is incomprehensible","Please use the scale to evaluate the following explanation:

The customer is predicted to churn because their tenure of 629.08 is less than average, and their online security category is 'no', their tech support category is 'no', and their contract category is 'month-to-month'. The fact that their internet service category is not 'fibre optic' detracted from this prediction. - The explanation provides useful information","Please use the scale to evaluate the following explanation:

The customer is predicted to churn because their tenure of 629.08 is less than average, and their online security category is 'no', their tech support category is 'no', and their contract category is 'month-to-month'. The fact that their internet service category is not 'fibre optic' detracted from this prediction. - External support was required to understand the explanation e.g. books, internet search, another person","Please use the scale to evaluate the following explanation:

The customer is predicted to churn because their tenure of 629.08 is less than average, and their online security category is 'no', their tech support category is 'no', and their contract category is 'month-to-month'. The fact that their internet service category is not 'fibre optic' detracted from this prediction. - The explanation is not interesting","Please use the scale to evaluate the following explanation:

The customer is predicted to churn because their tenure of 629.08 is less than average, and their online security category is 'no', their tech support category is 'no', and their contract category is 'month-to-month'. The fact that their internet service category is not 'fibre optic' detracted from this prediction. - The explanation allows me to understand the logic of the machine learning model used to generate the predictions","Please use the scale to evaluate the following explanation:

The customer is predicted to churn because their tenure of 629.08 is less than average, and their online security category is 'no', their tech support category is 'no', and their contract category is 'month-to-month'. The fact that their internet service category is not 'fibre optic' detracted from this prediction. - Thanks to the explanation, I believe that the model will return accurate predictions for all reasonable inputs","Please use the scale to evaluate the following explanation:

The customer is predicted to churn because their contract category is 'month-to-month', and their tech support category is 'no'. The fact that their contract category is not 'two-year', their payment method category is not 'electronic check', and their streaming movies category is not 'no-internet-service', detracted from this prediction. - I have learned something from the explanation","Please use the scale to evaluate the following explanation:

The customer is predicted to churn because their contract category is 'month-to-month', and their tech support category is 'no'. The fact that their contract category is not 'two-year', their payment method category is not 'electronic check', and their streaming movies category is not 'no-internet-service', detracted from this prediction. - The relationship between the input data and the predictions is vague","Please use the scale to evaluate the following explanation:

The customer is predicted to churn because their contract category is 'month-to-month', and their tech support category is 'no'. The fact that their contract category is not 'two-year', their payment method category is not 'electronic check', and their streaming movies category is not 'no-internet-service', detracted from this prediction. - The structure of the explanation is not clear","Please use the scale to evaluate the following explanation:

The customer is predicted to churn because their contract category is 'month-to-month', and their tech support category is 'no'. The fact that their contract category is not 'two-year', their payment method category is not 'electronic check', and their streaming movies category is not 'no-internet-service', detracted from this prediction. - It took me a long time to understand the explanation","Please use the scale to evaluate the following explanation:

The customer is predicted to churn because their contract category is 'month-to-month', and their tech support category is 'no'. The fact that their contract category is not 'two-year', their payment method category is not 'electronic check', and their streaming movies category is not 'no-internet-service', detracted from this prediction. - The explanation is incomprehensible","Please use the scale to evaluate the following explanation:

The customer is predicted to churn because their contract category is 'month-to-month', and their tech support category is 'no'. The fact that their contract category is not 'two-year', their payment method category is not 'electronic check', and their streaming movies category is not 'no-internet-service', detracted from this prediction. - The explanation provides useful information","Please use the scale to evaluate the following explanation:

The customer is predicted to churn because their contract category is 'month-to-month', and their tech support category is 'no'. The fact that their contract category is not 'two-year', their payment method category is not 'electronic check', and their streaming movies category is not 'no-internet-service', detracted from this prediction. - External support was required to understand the explanation e.g. books, internet search, another person","Please use the scale to evaluate the following explanation:

The customer is predicted to churn because their contract category is 'month-to-month', and their tech support category is 'no'. The fact that their contract category is not 'two-year', their payment method category is not 'electronic check', and their streaming movies category is not 'no-internet-service', detracted from this prediction. - The explanation is not interesting","Please use the scale to evaluate the following explanation:

The customer is predicted to churn because their contract category is 'month-to-month', and their tech support category is 'no'. The fact that their contract category is not 'two-year', their payment method category is not 'electronic check', and their streaming movies category is not 'no-internet-service', detracted from this prediction. - The explanation allows me to understand the logic of the machine learning model used to generate the predictions","Please use the scale to evaluate the following explanation:

The customer is predicted to churn because their contract category is 'month-to-month', and their tech support category is 'no'. The fact that their contract category is not 'two-year', their payment method category is not 'electronic check', and their streaming movies category is not 'no-internet-service', detracted from this prediction. - Thanks to the explanation, I believe that the model will return accurate predictions for all reasonable inputs","Please use the scale to evaluate the following explanation:

The customer is predicted to stay with the company because their tenure of 8562.74 is more than average. The fact that their internet service category is 'fibre optic', their online security category is not 'no', their tech support category is not 'no', and their contract category is not 'month-to-month' detracted from this prediction. - I have learned something from the explanation","Please use the scale to evaluate the following explanation:

The customer is predicted to stay with the company because their tenure of 8562.74 is more than average. The fact that their internet service category is 'fibre optic', their online security category is not 'no', their tech support category is not 'no', and their contract category is not 'month-to-month' detracted from this prediction. - The relationship between the input data and the predictions is vague","Please use the scale to evaluate the following explanation:

The customer is predicted to stay with the company because their tenure of 8562.74 is more than average. The fact that their internet service category is 'fibre optic', their online security category is not 'no', their tech support category is not 'no', and their contract category is not 'month-to-month' detracted from this prediction. - The structure of the explanation is not clear","Please use the scale to evaluate the following explanation:

The customer is predicted to stay with the company because their tenure of 8562.74 is more than average. The fact that their internet service category is 'fibre optic', their online security category is not 'no', their tech support category is not 'no', and their contract category is not 'month-to-month' detracted from this prediction. - It took me a long time to understand the explanation","Please use the scale to evaluate the following explanation:

The customer is predicted to stay with the company because their tenure of 8562.74 is more than average. The fact that their internet service category is 'fibre optic', their online security category is not 'no', their tech support category is not 'no', and their contract category is not 'month-to-month' detracted from this prediction. - The explanation is incomprehensible","Please use the scale to evaluate the following explanation:

The customer is predicted to stay with the company because their tenure of 8562.74 is more than average. The fact that their internet service category is 'fibre optic', their online security category is not 'no', their tech support category is not 'no', and their contract category is not 'month-to-month' detracted from this prediction. - The explanation provides useful information","Please use the scale to evaluate the following explanation:

The customer is predicted to stay with the company because their tenure of 8562.74 is more than average. The fact that their internet service category is 'fibre optic', their online security category is not 'no', their tech support category is not 'no', and their contract category is not 'month-to-month' detracted from this prediction. - External support was required to understand the explanation e.g. books, internet search, another person","Please use the scale to evaluate the following explanation:

The customer is predicted to stay with the company because their tenure of 8562.74 is more than average. The fact that their internet service category is 'fibre optic', their online security category is not 'no', their tech support category is not 'no', and their contract category is not 'month-to-month' detracted from this prediction. - The explanation is not interesting","Please use the scale to evaluate the following explanation:

The customer is predicted to stay with the company because their tenure of 8562.74 is more than average. The fact that their internet service category is 'fibre optic', their online security category is not 'no', their tech support category is not 'no', and their contract category is not 'month-to-month' detracted from this prediction. - The explanation allows me to understand the logic of the machine learning model used to generate the predictions","Please use the scale to evaluate the following explanation:

The customer is predicted to stay with the company because their tenure of 8562.74 is more than average. The fact that their internet service category is 'fibre optic', their online security category is not 'no', their tech support category is not 'no', and their contract category is not 'month-to-month' detracted from this prediction. - Thanks to the explanation, I believe that the model will return accurate predictions for all reasonable inputs","Please use the scale to evaluate the following explanation:

The customer is predicted to stay with the company because their contract category is 'two years'. The fact that their contract category is not 'month-to-month', their payment method category is not 'electronic check', their tech support category is not 'no', and their streaming movies category is not 'no-internet-service', detracted from this prediction. - I have learned something from the explanation","Please use the scale to evaluate the following explanation:

The customer is predicted to stay with the company because their contract category is 'two years'. The fact that their contract category is not 'month-to-month', their payment method category is not 'electronic check', their tech support category is not 'no', and their streaming movies category is not 'no-internet-service', detracted from this prediction. - The relationship between the input data and the predictions is vague","Please use the scale to evaluate the following explanation:

The customer is predicted to stay with the company because their contract category is 'two years'. The fact that their contract category is not 'month-to-month', their payment method category is not 'electronic check', their tech support category is not 'no', and their streaming movies category is not 'no-internet-service', detracted from this prediction. - The structure of the explanation is not clear","Please use the scale to evaluate the following explanation:

The customer is predicted to stay with the company because their contract category is 'two years'. The fact that their contract category is not 'month-to-month', their payment method category is not 'electronic check', their tech support category is not 'no', and their streaming movies category is not 'no-internet-service', detracted from this prediction. - It took me a long time to understand the explanation","Please use the scale to evaluate the following explanation:

The customer is predicted to stay with the company because their contract category is 'two years'. The fact that their contract category is not 'month-to-month', their payment method category is not 'electronic check', their tech support category is not 'no', and their streaming movies category is not 'no-internet-service', detracted from this prediction. - The explanation is incomprehensible","Please use the scale to evaluate the following explanation:

The customer is predicted to stay with the company because their contract category is 'two years'. The fact that their contract category is not 'month-to-month', their payment method category is not 'electronic check', their tech support category is not 'no', and their streaming movies category is not 'no-internet-service', detracted from this prediction. - The explanation provides useful information","Please use the scale to evaluate the following explanation:

The customer is predicted to stay with the company because their contract category is 'two years'. The fact that their contract category is not 'month-to-month', their payment method category is not 'electronic check', their tech support category is not 'no', and their streaming movies category is not 'no-internet-service', detracted from this prediction. - External support was required to understand the explanation e.g. books, internet search, another person","Please use the scale to evaluate the following explanation:

The customer is predicted to stay with the company because their contract category is 'two years'. The fact that their contract category is not 'month-to-month', their payment method category is not 'electronic check', their tech support category is not 'no', and their streaming movies category is not 'no-internet-service', detracted from this prediction. - The explanation is not interesting","Please use the scale to evaluate the following explanation:

The customer is predicted to stay with the company because their contract category is 'two years'. The fact that their contract category is not 'month-to-month', their payment method category is not 'electronic check', their tech support category is not 'no', and their streaming movies category is not 'no-internet-service', detracted from this prediction. - The explanation allows me to understand the logic of the machine learning model used to generate the predictions","Please use the scale to evaluate the following explanation:

The customer is predicted to stay with the company because their contract category is 'two years'. The fact that their contract category is not 'month-to-month', their payment method category is not 'electronic check', their tech support category is not 'no', and their streaming movies category is not 'no-internet-service', detracted from this prediction. - Thanks to the explanation, I believe that the model will return accurate predictions for all reasonable inputs","Please use the scale to evaluate the following explanation:

The customer is predicted to stay with the company because their tenure of 1239.36 is less than average. The fact that their internet service category is not 'fibre optic', their online security category is not 'no', their tech support category is 'no', and their contract category is 'month-to-month' detracted from this prediction. - I have learned something from the explanation","Please use the scale to evaluate the following explanation:

The customer is predicted to stay with the company because their tenure of 1239.36 is less than average. The fact that their internet service category is not 'fibre optic', their online security category is not 'no', their tech support category is 'no', and their contract category is 'month-to-month' detracted from this prediction. - The relationship between the input data and the predictions is vague","Please use the scale to evaluate the following explanation:

The customer is predicted to stay with the company because their tenure of 1239.36 is less than average. The fact that their internet service category is not 'fibre optic', their online security category is not 'no', their tech support category is 'no', and their contract category is 'month-to-month' detracted from this prediction. - The structure of the explanation is not clear","Please use the scale to evaluate the following explanation:

The customer is predicted to stay with the company because their tenure of 1239.36 is less than average. The fact that their internet service category is not 'fibre optic', their online security category is not 'no', their tech support category is 'no', and their contract category is 'month-to-month' detracted from this prediction. - It took me a long time to understand the explanation","Please use the scale to evaluate the following explanation:

The customer is predicted to stay with the company because their tenure of 1239.36 is less than average. The fact that their internet service category is not 'fibre optic', their online security category is not 'no', their tech support category is 'no', and their contract category is 'month-to-month' detracted from this prediction. - The explanation is incomprehensible","Please use the scale to evaluate the following explanation:

The customer is predicted to stay with the company because their tenure of 1239.36 is less than average. The fact that their internet service category is not 'fibre optic', their online security category is not 'no', their tech support category is 'no', and their contract category is 'month-to-month' detracted from this prediction. - The explanation provides useful information","Please use the scale to evaluate the following explanation:

The customer is predicted to stay with the company because their tenure of 1239.36 is less than average. The fact that their internet service category is not 'fibre optic', their online security category is not 'no', their tech support category is 'no', and their contract category is 'month-to-month' detracted from this prediction. - External support was required to understand the explanation e.g. books, internet search, another person","Please use the scale to evaluate the following explanation:

The customer is predicted to stay with the company because their tenure of 1239.36 is less than average. The fact that their internet service category is not 'fibre optic', their online security category is not 'no', their tech support category is 'no', and their contract category is 'month-to-month' detracted from this prediction. - The explanation is not interesting","Please use the scale to evaluate the following explanation:

The customer is predicted to stay with the company because their tenure of 1239.36 is less than average. The fact that their internet service category is not 'fibre optic', their online security category is not 'no', their tech support category is 'no', and their contract category is 'month-to-month' detracted from this prediction. - The explanation allows me to understand the logic of the machine learning model used to generate the predictions","Please use the scale to evaluate the following explanation:

The customer is predicted to stay with the company because their tenure of 1239.36 is less than average. The fact that their internet service category is not 'fibre optic', their online security category is not 'no', their tech support category is 'no', and their contract category is 'month-to-month' detracted from this prediction. - Thanks to the explanation, I believe that the model will return accurate predictions for all reasonable inputs","Please use the scale to evaluate the following explanation:

The customer is predicted to churn because their contract category is 'month-to-month', and their tech support category is 'no'. The fact that their contract category is not 'two-year', their payment method category is not 'electronic check', and their streaming movies category is not 'no-internet-service', detracted from this prediction. - I have learned something from the explanation","Please use the scale to evaluate the following explanation:

The customer is predicted to churn because their contract category is 'month-to-month', and their tech support category is 'no'. The fact that their contract category is not 'two-year', their payment method category is not 'electronic check', and their streaming movies category is not 'no-internet-service', detracted from this prediction. - The relationship between the input data and the predictions is vague","Please use the scale to evaluate the following explanation:

The customer is predicted to churn because their contract category is 'month-to-month', and their tech support category is 'no'. The fact that their contract category is not 'two-year', their payment method category is not 'electronic check', and their streaming movies category is not 'no-internet-service', detracted from this prediction. - The structure of the explanation is not clear","Please use the scale to evaluate the following explanation:

The customer is predicted to churn because their contract category is 'month-to-month', and their tech support category is 'no'. The fact that their contract category is not 'two-year', their payment method category is not 'electronic check', and their streaming movies category is not 'no-internet-service', detracted from this prediction. - It took me a long time to understand the explanation","Please use the scale to evaluate the following explanation:

The customer is predicted to churn because their contract category is 'month-to-month', and their tech support category is 'no'. The fact that their contract category is not 'two-year', their payment method category is not 'electronic check', and their streaming movies category is not 'no-internet-service', detracted from this prediction. - The explanation is incomprehensible","Please use the scale to evaluate the following explanation:

The customer is predicted to churn because their contract category is 'month-to-month', and their tech support category is 'no'. The fact that their contract category is not 'two-year', their payment method category is not 'electronic check', and their streaming movies category is not 'no-internet-service', detracted from this prediction. - The explanation provides useful information","Please use the scale to evaluate the following explanation:

The customer is predicted to churn because their contract category is 'month-to-month', and their tech support category is 'no'. The fact that their contract category is not 'two-year', their payment method category is not 'electronic check', and their streaming movies category is not 'no-internet-service', detracted from this prediction. - External support was required to understand the explanation e.g. books, internet search, another person","Please use the scale to evaluate the following explanation:

The customer is predicted to churn because their contract category is 'month-to-month', and their tech support category is 'no'. The fact that their contract category is not 'two-year', their payment method category is not 'electronic check', and their streaming movies category is not 'no-internet-service', detracted from this prediction. - The explanation is not interesting","Please use the scale to evaluate the following explanation:

The customer is predicted to churn because their contract category is 'month-to-month', and their tech support category is 'no'. The fact that their contract category is not 'two-year', their payment method category is not 'electronic check', and their streaming movies category is not 'no-internet-service', detracted from this prediction. - The explanation allows me to understand the logic of the machine learning model used to generate the predictions","Please use the scale to evaluate the following explanation:

The customer is predicted to churn because their contract category is 'month-to-month', and their tech support category is 'no'. The fact that their contract category is not 'two-year', their payment method category is not 'electronic check', and their streaming movies category is not 'no-internet-service', detracted from this prediction. - Thanks to the explanation, I believe that the model will return accurate predictions for all reasonable inputs","Please use the scale to evaluate the following explanation:

The customer is predicted to stay with the company because their tenure of 3314.32 is less than average. The fact that their internet service category is not 'fibre optic', their online security category is 'no', their tech support category is not 'no', and their contract category is 'month-to-month' detracted from this prediction. - I have learned something from the explanation","Please use the scale to evaluate the following explanation:

The customer is predicted to stay with the company because their tenure of 3314.32 is less than average. The fact that their internet service category is not 'fibre optic', their online security category is 'no', their tech support category is not 'no', and their contract category is 'month-to-month' detracted from this prediction. - The relationship between the input data and the predictions is vague","Please use the scale to evaluate the following explanation:

The customer is predicted to stay with the company because their tenure of 3314.32 is less than average. The fact that their internet service category is not 'fibre optic', their online security category is 'no', their tech support category is not 'no', and their contract category is 'month-to-month' detracted from this prediction. - The structure of the explanation is not clear","Please use the scale to evaluate the following explanation:

The customer is predicted to stay with the company because their tenure of 3314.32 is less than average. The fact that their internet service category is not 'fibre optic', their online security category is 'no', their tech support category is not 'no', and their contract category is 'month-to-month' detracted from this prediction. - It took me a long time to understand the explanation","Please use the scale to evaluate the following explanation:

The customer is predicted to stay with the company because their tenure of 3314.32 is less than average. The fact that their internet service category is not 'fibre optic', their online security category is 'no', their tech support category is not 'no', and their contract category is 'month-to-month' detracted from this prediction. - The explanation is incomprehensible","Please use the scale to evaluate the following explanation:

The customer is predicted to stay with the company because their tenure of 3314.32 is less than average. The fact that their internet service category is not 'fibre optic', their online security category is 'no', their tech support category is not 'no', and their contract category is 'month-to-month' detracted from this prediction. - The explanation provides useful information","Please use the scale to evaluate the following explanation:

The customer is predicted to stay with the company because their tenure of 3314.32 is less than average. The fact that their internet service category is not 'fibre optic', their online security category is 'no', their tech support category is not 'no', and their contract category is 'month-to-month' detracted from this prediction. - External support was required to understand the explanation e.g. books, internet search, another person","Please use the scale to evaluate the following explanation:

The customer is predicted to stay with the company because their tenure of 3314.32 is less than average. The fact that their internet service category is not 'fibre optic', their online security category is 'no', their tech support category is not 'no', and their contract category is 'month-to-month' detracted from this prediction. - The explanation is not interesting","Please use the scale to evaluate the following explanation:

The customer is predicted to stay with the company because their tenure of 3314.32 is less than average. The fact that their internet service category is not 'fibre optic', their online security category is 'no', their tech support category is not 'no', and their contract category is 'month-to-month' detracted from this prediction. - The explanation allows me to understand the logic of the machine learning model used to generate the predictions","Please use the scale to evaluate the following explanation:

The customer is predicted to stay with the company because their tenure of 3314.32 is less than average. The fact that their internet service category is not 'fibre optic', their online security category is 'no', their tech support category is not 'no', and their contract category is 'month-to-month' detracted from this prediction. - Thanks to the explanation, I believe that the model will return accurate predictions for all reasonable inputs","Please use the scale to evaluate the following explanation:

The customer is predicted to churn because their contract category is 'month-to-month'. The fact that their contract category is not 'two-year', their payment method category is not 'electronic check', their tech support category is not 'no', and their streaming movies category is not 'no-internet-service', detracted from this prediction. - I have learned something from the explanation","Please use the scale to evaluate the following explanation:

The customer is predicted to churn because their contract category is 'month-to-month'. The fact that their contract category is not 'two-year', their payment method category is not 'electronic check', their tech support category is not 'no', and their streaming movies category is not 'no-internet-service', detracted from this prediction. - The relationship between the input data and the predictions is vague","Please use the scale to evaluate the following explanation:

The customer is predicted to churn because their contract category is 'month-to-month'. The fact that their contract category is not 'two-year', their payment method category is not 'electronic check', their tech support category is not 'no', and their streaming movies category is not 'no-internet-service', detracted from this prediction. - The structure of the explanation is not clear","Please use the scale to evaluate the following explanation:

The customer is predicted to churn because their contract category is 'month-to-month'. The fact that their contract category is not 'two-year', their payment method category is not 'electronic check', their tech support category is not 'no', and their streaming movies category is not 'no-internet-service', detracted from this prediction. - It took me a long time to understand the explanation","Please use the scale to evaluate the following explanation:

The customer is predicted to churn because their contract category is 'month-to-month'. The fact that their contract category is not 'two-year', their payment method category is not 'electronic check', their tech support category is not 'no', and their streaming movies category is not 'no-internet-service', detracted from this prediction. - The explanation is incomprehensible","Please use the scale to evaluate the following explanation:

The customer is predicted to churn because their contract category is 'month-to-month'. The fact that their contract category is not 'two-year', their payment method category is not 'electronic check', their tech support category is not 'no', and their streaming movies category is not 'no-internet-service', detracted from this prediction. - The explanation provides useful information","Please use the scale to evaluate the following explanation:

The customer is predicted to churn because their contract category is 'month-to-month'. The fact that their contract category is not 'two-year', their payment method category is not 'electronic check', their tech support category is not 'no', and their streaming movies category is not 'no-internet-service', detracted from this prediction. - External support was required to understand the explanation e.g. books, internet search, another person","Please use the scale to evaluate the following explanation:

The customer is predicted to churn because their contract category is 'month-to-month'. The fact that their contract category is not 'two-year', their payment method category is not 'electronic check', their tech support category is not 'no', and their streaming movies category is not 'no-internet-service', detracted from this prediction. - The explanation is not interesting","Please use the scale to evaluate the following explanation:

The customer is predicted to churn because their contract category is 'month-to-month'. The fact that their contract category is not 'two-year', their payment method category is not 'electronic check', their tech support category is not 'no', and their streaming movies category is not 'no-internet-service', detracted from this prediction. - The explanation allows me to understand the logic of the machine learning model used to generate the predictions","Please use the scale to evaluate the following explanation:

The customer is predicted to churn because their contract category is 'month-to-month'. The fact that their contract category is not 'two-year', their payment method category is not 'electronic check', their tech support category is not 'no', and their streaming movies category is not 'no-internet-service', detracted from this prediction. - Thanks to the explanation, I believe that the model will return accurate predictions for all reasonable inputs","Please use the scale to evaluate the following explanation:

The customer is predicted to stay with the company because their tenure of 2093.76 is less than average. The fact that their internet service category is not 'fibre optic', their online security category is not 'no', their tech support category is not 'no', and their contract category is not 'month-to-month' detracted from this prediction. - I have learned something from the explanation","Please use the scale to evaluate the following explanation:

The customer is predicted to stay with the company because their tenure of 2093.76 is less than average. The fact that their internet service category is not 'fibre optic', their online security category is not 'no', their tech support category is not 'no', and their contract category is not 'month-to-month' detracted from this prediction. - The relationship between the input data and the predictions is vague","Please use the scale to evaluate the following explanation:

The customer is predicted to stay with the company because their tenure of 2093.76 is less than average. The fact that their internet service category is not 'fibre optic', their online security category is not 'no', their tech support category is not 'no', and their contract category is not 'month-to-month' detracted from this prediction. - The structure of the explanation is not clear","Please use the scale to evaluate the following explanation:

The customer is predicted to stay with the company because their tenure of 2093.76 is less than average. The fact that their internet service category is not 'fibre optic', their online security category is not 'no', their tech support category is not 'no', and their contract category is not 'month-to-month' detracted from this prediction. - It took me a long time to understand the explanation","Please use the scale to evaluate the following explanation:

The customer is predicted to stay with the company because their tenure of 2093.76 is less than average. The fact that their internet service category is not 'fibre optic', their online security category is not 'no', their tech support category is not 'no', and their contract category is not 'month-to-month' detracted from this prediction. - The explanation is incomprehensible","Please use the scale to evaluate the following explanation:

The customer is predicted to stay with the company because their tenure of 2093.76 is less than average. The fact that their internet service category is not 'fibre optic', their online security category is not 'no', their tech support category is not 'no', and their contract category is not 'month-to-month' detracted from this prediction. - The explanation provides useful information","Please use the scale to evaluate the following explanation:

The customer is predicted to stay with the company because their tenure of 2093.76 is less than average. The fact that their internet service category is not 'fibre optic', their online security category is not 'no', their tech support category is not 'no', and their contract category is not 'month-to-month' detracted from this prediction. - External support was required to understand the explanation e.g. books, internet search, another person","Please use the scale to evaluate the following explanation:

The customer is predicted to stay with the company because their tenure of 2093.76 is less than average. The fact that their internet service category is not 'fibre optic', their online security category is not 'no', their tech support category is not 'no', and their contract category is not 'month-to-month' detracted from this prediction. - The explanation is not interesting","Please use the scale to evaluate the following explanation:

The customer is predicted to stay with the company because their tenure of 2093.76 is less than average. The fact that their internet service category is not 'fibre optic', their online security category is not 'no', their tech support category is not 'no', and their contract category is not 'month-to-month' detracted from this prediction. - The explanation allows me to understand the logic of the machine learning model used to generate the predictions","Please use the scale to evaluate the following explanation:

The customer is predicted to stay with the company because their tenure of 2093.76 is less than average. The fact that their internet service category is not 'fibre optic', their online security category is not 'no', their tech support category is not 'no', and their contract category is not 'month-to-month' detracted from this prediction. - Thanks to the explanation, I believe that the model will return accurate predictions for all reasonable inputs","Please use the scale to evaluate the following explanation:

The customer is predicted to stay with the company because their contract category is 'two years', and their streaming movies category is 'no-internet-service'. The fact that their contract category is not 'month-to-month', their payment method category is not 'electronic check', and their tech support category is not 'no', detracted from this prediction. - I have learned something from the explanation","Please use the scale to evaluate the following explanation:

The customer is predicted to stay with the company because their contract category is 'two years', and their streaming movies category is 'no-internet-service'. The fact that their contract category is not 'month-to-month', their payment method category is not 'electronic check', and their tech support category is not 'no', detracted from this prediction. - The relationship between the input data and the predictions is vague","Please use the scale to evaluate the following explanation:

The customer is predicted to stay with the company because their contract category is 'two years', and their streaming movies category is 'no-internet-service'. The fact that their contract category is not 'month-to-month', their payment method category is not 'electronic check', and their tech support category is not 'no', detracted from this prediction. - The structure of the explanation is not clear","Please use the scale to evaluate the following explanation:

The customer is predicted to stay with the company because their contract category is 'two years', and their streaming movies category is 'no-internet-service'. The fact that their contract category is not 'month-to-month', their payment method category is not 'electronic check', and their tech support category is not 'no', detracted from this prediction. - It took me a long time to understand the explanation","Please use the scale to evaluate the following explanation:

The customer is predicted to stay with the company because their contract category is 'two years', and their streaming movies category is 'no-internet-service'. The fact that their contract category is not 'month-to-month', their payment method category is not 'electronic check', and their tech support category is not 'no', detracted from this prediction. - The explanation is incomprehensible","Please use the scale to evaluate the following explanation:

The customer is predicted to stay with the company because their contract category is 'two years', and their streaming movies category is 'no-internet-service'. The fact that their contract category is not 'month-to-month', their payment method category is not 'electronic check', and their tech support category is not 'no', detracted from this prediction. - The explanation provides useful information","Please use the scale to evaluate the following explanation:

The customer is predicted to stay with the company because their contract category is 'two years', and their streaming movies category is 'no-internet-service'. The fact that their contract category is not 'month-to-month', their payment method category is not 'electronic check', and their tech support category is not 'no', detracted from this prediction. - External support was required to understand the explanation e.g. books, internet search, another person","Please use the scale to evaluate the following explanation:

The customer is predicted to stay with the company because their contract category is 'two years', and their streaming movies category is 'no-internet-service'. The fact that their contract category is not 'month-to-month', their payment method category is not 'electronic check', and their tech support category is not 'no', detracted from this prediction. - The explanation is not interesting","Please use the scale to evaluate the following explanation:

The customer is predicted to stay with the company because their contract category is 'two years', and their streaming movies category is 'no-internet-service'. The fact that their contract category is not 'month-to-month', their payment method category is not 'electronic check', and their tech support category is not 'no', detracted from this prediction. - The explanation allows me to understand the logic of the machine learning model used to generate the predictions","Please use the scale to evaluate the following explanation:

The customer is predicted to stay with the company because their contract category is 'two years', and their streaming movies category is 'no-internet-service'. The fact that their contract category is not 'month-to-month', their payment method category is not 'electronic check', and their tech support category is not 'no', detracted from this prediction. - Thanks to the explanation, I believe that the model will return accurate predictions for all reasonable inputs","Please use the scale to evaluate the following explanation:

The customer is predicted to stay with the company because their tenure of 5389.28 is more than average. The fact that their internet service category is not 'fibre optic', their online security category is not 'no', their tech support category is not 'no', and their contract category is not 'month-to-month' detracted from this prediction. - I have learned something from the explanation","Please use the scale to evaluate the following explanation:

The customer is predicted to stay with the company because their tenure of 5389.28 is more than average. The fact that their internet service category is not 'fibre optic', their online security category is not 'no', their tech support category is not 'no', and their contract category is not 'month-to-month' detracted from this prediction. - The relationship between the input data and the predictions is vague","Please use the scale to evaluate the following explanation:

The customer is predicted to stay with the company because their tenure of 5389.28 is more than average. The fact that their internet service category is not 'fibre optic', their online security category is not 'no', their tech support category is not 'no', and their contract category is not 'month-to-month' detracted from this prediction. - The structure of the explanation is not clear","Please use the scale to evaluate the following explanation:

The customer is predicted to stay with the company because their tenure of 5389.28 is more than average. The fact that their internet service category is not 'fibre optic', their online security category is not 'no', their tech support category is not 'no', and their contract category is not 'month-to-month' detracted from this prediction. - It took me a long time to understand the explanation","Please use the scale to evaluate the following explanation:

The customer is predicted to stay with the company because their tenure of 5389.28 is more than average. The fact that their internet service category is not 'fibre optic', their online security category is not 'no', their tech support category is not 'no', and their contract category is not 'month-to-month' detracted from this prediction. - The explanation is incomprehensible","Please use the scale to evaluate the following explanation:

The customer is predicted to stay with the company because their tenure of 5389.28 is more than average. The fact that their internet service category is not 'fibre optic', their online security category is not 'no', their tech support category is not 'no', and their contract category is not 'month-to-month' detracted from this prediction. - The explanation provides useful information","Please use the scale to evaluate the following explanation:

The customer is predicted to stay with the company because their tenure of 5389.28 is more than average. The fact that their internet service category is not 'fibre optic', their online security category is not 'no', their tech support category is not 'no', and their contract category is not 'month-to-month' detracted from this prediction. - External support was required to understand the explanation e.g. books, internet search, another person","Please use the scale to evaluate the following explanation:

The customer is predicted to stay with the company because their tenure of 5389.28 is more than average. The fact that their internet service category is not 'fibre optic', their online security category is not 'no', their tech support category is not 'no', and their contract category is not 'month-to-month' detracted from this prediction. - The explanation is not interesting","Please use the scale to evaluate the following explanation:

The customer is predicted to stay with the company because their tenure of 5389.28 is more than average. The fact that their internet service category is not 'fibre optic', their online security category is not 'no', their tech support category is not 'no', and their contract category is not 'month-to-month' detracted from this prediction. - The explanation allows me to understand the logic of the machine learning model used to generate the predictions","Please use the scale to evaluate the following explanation:

The customer is predicted to stay with the company because their tenure of 5389.28 is more than average. The fact that their internet service category is not 'fibre optic', their online security category is not 'no', their tech support category is not 'no', and their contract category is not 'month-to-month' detracted from this prediction. - Thanks to the explanation, I believe that the model will return accurate predictions for all reasonable inputs","Please use the scale to evaluate the following explanation:

The customer is predicted to stay with the company because their streaming movies category is 'no-internet-service'. The fact that their contract category is not 'month-to-month', their contract category is not 'two-year', their payment method category is 'electronic check', and their tech support category is not 'no', detracted from this prediction. - I have learned something from the explanation","Please use the scale to evaluate the following explanation:

The customer is predicted to stay with the company because their streaming movies category is 'no-internet-service'. The fact that their contract category is not 'month-to-month', their contract category is not 'two-year', their payment method category is 'electronic check', and their tech support category is not 'no', detracted from this prediction. - The relationship between the input data and the predictions is vague","Please use the scale to evaluate the following explanation:

The customer is predicted to stay with the company because their streaming movies category is 'no-internet-service'. The fact that their contract category is not 'month-to-month', their contract category is not 'two-year', their payment method category is 'electronic check', and their tech support category is not 'no', detracted from this prediction. - The structure of the explanation is not clear","Please use the scale to evaluate the following explanation:

The customer is predicted to stay with the company because their streaming movies category is 'no-internet-service'. The fact that their contract category is not 'month-to-month', their contract category is not 'two-year', their payment method category is 'electronic check', and their tech support category is not 'no', detracted from this prediction. - It took me a long time to understand the explanation","Please use the scale to evaluate the following explanation:

The customer is predicted to stay with the company because their streaming movies category is 'no-internet-service'. The fact that their contract category is not 'month-to-month', their contract category is not 'two-year', their payment method category is 'electronic check', and their tech support category is not 'no', detracted from this prediction. - The explanation is incomprehensible","Please use the scale to evaluate the following explanation:

The customer is predicted to stay with the company because their streaming movies category is 'no-internet-service'. The fact that their contract category is not 'month-to-month', their contract category is not 'two-year', their payment method category is 'electronic check', and their tech support category is not 'no', detracted from this prediction. - The explanation provides useful information","Please use the scale to evaluate the following explanation:

The customer is predicted to stay with the company because their streaming movies category is 'no-internet-service'. The fact that their contract category is not 'month-to-month', their contract category is not 'two-year', their payment method category is 'electronic check', and their tech support category is not 'no', detracted from this prediction. - External support was required to understand the explanation e.g. books, internet search, another person","Please use the scale to evaluate the following explanation:

The customer is predicted to stay with the company because their streaming movies category is 'no-internet-service'. The fact that their contract category is not 'month-to-month', their contract category is not 'two-year', their payment method category is 'electronic check', and their tech support category is not 'no', detracted from this prediction. - The explanation is not interesting","Please use the scale to evaluate the following explanation:

The customer is predicted to stay with the company because their streaming movies category is 'no-internet-service'. The fact that their contract category is not 'month-to-month', their contract category is not 'two-year', their payment method category is 'electronic check', and their tech support category is not 'no', detracted from this prediction. - The explanation allows me to understand the logic of the machine learning model used to generate the predictions","Please use the scale to evaluate the following explanation:

The customer is predicted to stay with the company because their streaming movies category is 'no-internet-service'. The fact that their contract category is not 'month-to-month', their contract category is not 'two-year', their payment method category is 'electronic check', and their tech support category is not 'no', detracted from this prediction. - Thanks to the explanation, I believe that the model will return accurate predictions for all reasonable inputs","Please use the scale to evaluate the following explanation:

The customer is predicted to stay with the company because their tenure of 6487.79 is more than average. The fact that their internet service category is 'fibre optic', their online security category is 'no', their tech support category is not 'no', and their contract category is not 'month-to-month' detracted from this prediction. - I have learned something from the explanation","Please use the scale to evaluate the following explanation:

The customer is predicted to stay with the company because their tenure of 6487.79 is more than average. The fact that their internet service category is 'fibre optic', their online security category is 'no', their tech support category is not 'no', and their contract category is not 'month-to-month' detracted from this prediction. - The relationship between the input data and the predictions is vague","Please use the scale to evaluate the following explanation:

The customer is predicted to stay with the company because their tenure of 6487.79 is more than average. The fact that their internet service category is 'fibre optic', their online security category is 'no', their tech support category is not 'no', and their contract category is not 'month-to-month' detracted from this prediction. - The structure of the explanation is not clear","Please use the scale to evaluate the following explanation:

The customer is predicted to stay with the company because their tenure of 6487.79 is more than average. The fact that their internet service category is 'fibre optic', their online security category is 'no', their tech support category is not 'no', and their contract category is not 'month-to-month' detracted from this prediction. - It took me a long time to understand the explanation","Please use the scale to evaluate the following explanation:

The customer is predicted to stay with the company because their tenure of 6487.79 is more than average. The fact that their internet service category is 'fibre optic', their online security category is 'no', their tech support category is not 'no', and their contract category is not 'month-to-month' detracted from this prediction. - The explanation is incomprehensible","Please use the scale to evaluate the following explanation:

The customer is predicted to stay with the company because their tenure of 6487.79 is more than average. The fact that their internet service category is 'fibre optic', their online security category is 'no', their tech support category is not 'no', and their contract category is not 'month-to-month' detracted from this prediction. - The explanation provides useful information","Please use the scale to evaluate the following explanation:

The customer is predicted to stay with the company because their tenure of 6487.79 is more than average. The fact that their internet service category is 'fibre optic', their online security category is 'no', their tech support category is not 'no', and their contract category is not 'month-to-month' detracted from this prediction. - External support was required to understand the explanation e.g. books, internet search, another person","Please use the scale to evaluate the following explanation:

The customer is predicted to stay with the company because their tenure of 6487.79 is more than average. The fact that their internet service category is 'fibre optic', their online security category is 'no', their tech support category is not 'no', and their contract category is not 'month-to-month' detracted from this prediction. - The explanation is not interesting","Please use the scale to evaluate the following explanation:

The customer is predicted to stay with the company because their tenure of 6487.79 is more than average. The fact that their internet service category is 'fibre optic', their online security category is 'no', their tech support category is not 'no', and their contract category is not 'month-to-month' detracted from this prediction. - The explanation allows me to understand the logic of the machine learning model used to generate the predictions","Please use the scale to evaluate the following explanation:

The customer is predicted to stay with the company because their tenure of 6487.79 is more than average. The fact that their internet service category is 'fibre optic', their online security category is 'no', their tech support category is not 'no', and their contract category is not 'month-to-month' detracted from this prediction. - Thanks to the explanation, I believe that the model will return accurate predictions for all reasonable inputs","Please use the scale to evaluate the following explanation:

The customer is predicted to stay with the company because their contract category is 'two years'. The fact that their contract category is not 'month-to-month', their payment method category is 'electronic check', their tech support category is not 'no', and their streaming movies category is not 'no-internet-service', detracted from this prediction. - I have learned something from the explanation","Please use the scale to evaluate the following explanation:

The customer is predicted to stay with the company because their contract category is 'two years'. The fact that their contract category is not 'month-to-month', their payment method category is 'electronic check', their tech support category is not 'no', and their streaming movies category is not 'no-internet-service', detracted from this prediction. - The relationship between the input data and the predictions is vague","Please use the scale to evaluate the following explanation:

The customer is predicted to stay with the company because their contract category is 'two years'. The fact that their contract category is not 'month-to-month', their payment method category is 'electronic check', their tech support category is not 'no', and their streaming movies category is not 'no-internet-service', detracted from this prediction. - The structure of the explanation is not clear","Please use the scale to evaluate the following explanation:

The customer is predicted to stay with the company because their contract category is 'two years'. The fact that their contract category is not 'month-to-month', their payment method category is 'electronic check', their tech support category is not 'no', and their streaming movies category is not 'no-internet-service', detracted from this prediction. - It took me a long time to understand the explanation","Please use the scale to evaluate the following explanation:

The customer is predicted to stay with the company because their contract category is 'two years'. The fact that their contract category is not 'month-to-month', their payment method category is 'electronic check', their tech support category is not 'no', and their streaming movies category is not 'no-internet-service', detracted from this prediction. - The explanation is incomprehensible","Please use the scale to evaluate the following explanation:

The customer is predicted to stay with the company because their contract category is 'two years'. The fact that their contract category is not 'month-to-month', their payment method category is 'electronic check', their tech support category is not 'no', and their streaming movies category is not 'no-internet-service', detracted from this prediction. - The explanation provides useful information","Please use the scale to evaluate the following explanation:

The customer is predicted to stay with the company because their contract category is 'two years'. The fact that their contract category is not 'month-to-month', their payment method category is 'electronic check', their tech support category is not 'no', and their streaming movies category is not 'no-internet-service', detracted from this prediction. - External support was required to understand the explanation e.g. books, internet search, another person","Please use the scale to evaluate the following explanation:

The customer is predicted to stay with the company because their contract category is 'two years'. The fact that their contract category is not 'month-to-month', their payment method category is 'electronic check', their tech support category is not 'no', and their streaming movies category is not 'no-internet-service', detracted from this prediction. - The explanation is not interesting","Please use the scale to evaluate the following explanation:

The customer is predicted to stay with the company because their contract category is 'two years'. The fact that their contract category is not 'month-to-month', their payment method category is 'electronic check', their tech support category is not 'no', and their streaming movies category is not 'no-internet-service', detracted from this prediction. - The explanation allows me to understand the logic of the machine learning model used to generate the predictions","Please use the scale to evaluate the following explanation:

The customer is predicted to stay with the company because their contract category is 'two years'. The fact that their contract category is not 'month-to-month', their payment method category is 'electronic check', their tech support category is not 'no', and their streaming movies category is not 'no-internet-service', detracted from this prediction. - Thanks to the explanation, I believe that the model will return accurate predictions for all reasonable inputs","Please use the scale to evaluate the following explanation:

The customer is predicted to stay with the company because their tenure of 7708.35 is more than average. The fact that their internet service category is 'fibre optic', their online security category is 'no', their tech support category is not 'no', and their contract category is not 'month-to-month' detracted from this prediction. - I have learned something from the explanation","Please use the scale to evaluate the following explanation:

The customer is predicted to stay with the company because their tenure of 7708.35 is more than average. The fact that their internet service category is 'fibre optic', their online security category is 'no', their tech support category is not 'no', and their contract category is not 'month-to-month' detracted from this prediction. - The relationship between the input data and the predictions is vague","Please use the scale to evaluate the following explanation:

The customer is predicted to stay with the company because their tenure of 7708.35 is more than average. The fact that their internet service category is 'fibre optic', their online security category is 'no', their tech support category is not 'no', and their contract category is not 'month-to-month' detracted from this prediction. - The structure of the explanation is not clear","Please use the scale to evaluate the following explanation:

The customer is predicted to stay with the company because their tenure of 7708.35 is more than average. The fact that their internet service category is 'fibre optic', their online security category is 'no', their tech support category is not 'no', and their contract category is not 'month-to-month' detracted from this prediction. - It took me a long time to understand the explanation","Please use the scale to evaluate the following explanation:

The customer is predicted to stay with the company because their tenure of 7708.35 is more than average. The fact that their internet service category is 'fibre optic', their online security category is 'no', their tech support category is not 'no', and their contract category is not 'month-to-month' detracted from this prediction. - The explanation is incomprehensible","Please use the scale to evaluate the following explanation:

The customer is predicted to stay with the company because their tenure of 7708.35 is more than average. The fact that their internet service category is 'fibre optic', their online security category is 'no', their tech support category is not 'no', and their contract category is not 'month-to-month' detracted from this prediction. - The explanation provides useful information","Please use the scale to evaluate the following explanation:

The customer is predicted to stay with the company because their tenure of 7708.35 is more than average. The fact that their internet service category is 'fibre optic', their online security category is 'no', their tech support category is not 'no', and their contract category is not 'month-to-month' detracted from this prediction. - External support was required to understand the explanation e.g. books, internet search, another person","Please use the scale to evaluate the following explanation:

The customer is predicted to stay with the company because their tenure of 7708.35 is more than average. The fact that their internet service category is 'fibre optic', their online security category is 'no', their tech support category is not 'no', and their contract category is not 'month-to-month' detracted from this prediction. - The explanation is not interesting","Please use the scale to evaluate the following explanation:

The customer is predicted to stay with the company because their tenure of 7708.35 is more than average. The fact that their internet service category is 'fibre optic', their online security category is 'no', their tech support category is not 'no', and their contract category is not 'month-to-month' detracted from this prediction. - The explanation allows me to understand the logic of the machine learning model used to generate the predictions","Please use the scale to evaluate the following explanation:

The customer is predicted to stay with the company because their tenure of 7708.35 is more than average. The fact that their internet service category is 'fibre optic', their online security category is 'no', their tech support category is not 'no', and their contract category is not 'month-to-month' detracted from this prediction. - Thanks to the explanation, I believe that the model will return accurate predictions for all reasonable inputs","Please use the scale to evaluate the following explanation:

The customer is predicted to stay with the company because their contract category is 'two years'. The fact that their contract category is not 'month-to-month', their payment method category is not 'electronic check', their tech support category is not 'no', and their streaming movies category is not 'no internet service', detracted from this prediction. - I have learned something from the explanation","Please use the scale to evaluate the following explanation:

The customer is predicted to stay with the company because their contract category is 'two years'. The fact that their contract category is not 'month-to-month', their payment method category is not 'electronic check', their tech support category is not 'no', and their streaming movies category is not 'no internet service', detracted from this prediction. - The relationship between the input data and the predictions is vague","Please use the scale to evaluate the following explanation:

The customer is predicted to stay with the company because their contract category is 'two years'. The fact that their contract category is not 'month-to-month', their payment method category is not 'electronic check', their tech support category is not 'no', and their streaming movies category is not 'no internet service', detracted from this prediction. - The structure of the explanation is not clear","Please use the scale to evaluate the following explanation:

The customer is predicted to stay with the company because their contract category is 'two years'. The fact that their contract category is not 'month-to-month', their payment method category is not 'electronic check', their tech support category is not 'no', and their streaming movies category is not 'no internet service', detracted from this prediction. - It took me a long time to understand the explanation","Please use the scale to evaluate the following explanation:

The customer is predicted to stay with the company because their contract category is 'two years'. The fact that their contract category is not 'month-to-month', their payment method category is not 'electronic check', their tech support category is not 'no', and their streaming movies category is not 'no internet service', detracted from this prediction. - The explanation is incomprehensible","Please use the scale to evaluate the following explanation:

The customer is predicted to stay with the company because their contract category is 'two years'. The fact that their contract category is not 'month-to-month', their payment method category is not 'electronic check', their tech support category is not 'no', and their streaming movies category is not 'no internet service', detracted from this prediction. - The explanation provides useful information","Please use the scale to evaluate the following explanation:

The customer is predicted to stay with the company because their contract category is 'two years'. The fact that their contract category is not 'month-to-month', their payment method category is not 'electronic check', their tech support category is not 'no', and their streaming movies category is not 'no internet service', detracted from this prediction. - External support was required to understand the explanation e.g. books, internet search, another person","Please use the scale to evaluate the following explanation:

The customer is predicted to stay with the company because their contract category is 'two years'. The fact that their contract category is not 'month-to-month', their payment method category is not 'electronic check', their tech support category is not 'no', and their streaming movies category is not 'no internet service', detracted from this prediction. - The explanation is not interesting","Please use the scale to evaluate the following explanation:

The customer is predicted to stay with the company because their contract category is 'two years'. The fact that their contract category is not 'month-to-month', their payment method category is not 'electronic check', their tech support category is not 'no', and their streaming movies category is not 'no internet service', detracted from this prediction. - The explanation allows me to understand the logic of the machine learning model used to generate the predictions","Please use the scale to evaluate the following explanation:

The customer is predicted to stay with the company because their contract category is 'two years'. The fact that their contract category is not 'month-to-month', their payment method category is not 'electronic check', their tech support category is not 'no', and their streaming movies category is not 'no internet service', detracted from this prediction. - Thanks to the explanation, I believe that the model will return accurate predictions for all reasonable inputs","Please use the scale to evaluate the following explanation:

The customer is predicted to stay with the company because their tenure of 1483.48 is less than average. The fact that their internet service category is not 'fibre optic', their online security category is 'no', their tech support category is 'no', and their contract category is 'month-to-month' detracted from this prediction. - I have learned something from the explanation","Please use the scale to evaluate the following explanation:

The customer is predicted to stay with the company because their tenure of 1483.48 is less than average. The fact that their internet service category is not 'fibre optic', their online security category is 'no', their tech support category is 'no', and their contract category is 'month-to-month' detracted from this prediction. - The relationship between the input data and the predictions is vague","Please use the scale to evaluate the following explanation:

The customer is predicted to stay with the company because their tenure of 1483.48 is less than average. The fact that their internet service category is not 'fibre optic', their online security category is 'no', their tech support category is 'no', and their contract category is 'month-to-month' detracted from this prediction. - The structure of the explanation is not clear","Please use the scale to evaluate the following explanation:

The customer is predicted to stay with the company because their tenure of 1483.48 is less than average. The fact that their internet service category is not 'fibre optic', their online security category is 'no', their tech support category is 'no', and their contract category is 'month-to-month' detracted from this prediction. - It took me a long time to understand the explanation","Please use the scale to evaluate the following explanation:

The customer is predicted to stay with the company because their tenure of 1483.48 is less than average. The fact that their internet service category is not 'fibre optic', their online security category is 'no', their tech support category is 'no', and their contract category is 'month-to-month' detracted from this prediction. - The explanation is incomprehensible","Please use the scale to evaluate the following explanation:

The customer is predicted to stay with the company because their tenure of 1483.48 is less than average. The fact that their internet service category is not 'fibre optic', their online security category is 'no', their tech support category is 'no', and their contract category is 'month-to-month' detracted from this prediction. - The explanation provides useful information","Please use the scale to evaluate the following explanation:

The customer is predicted to stay with the company because their tenure of 1483.48 is less than average. The fact that their internet service category is not 'fibre optic', their online security category is 'no', their tech support category is 'no', and their contract category is 'month-to-month' detracted from this prediction. - External support was required to understand the explanation e.g. books, internet search, another person","Please use the scale to evaluate the following explanation:

The customer is predicted to stay with the company because their tenure of 1483.48 is less than average. The fact that their internet service category is not 'fibre optic', their online security category is 'no', their tech support category is 'no', and their contract category is 'month-to-month' detracted from this prediction. - The explanation is not interesting","Please use the scale to evaluate the following explanation:

The customer is predicted to stay with the company because their tenure of 1483.48 is less than average. The fact that their internet service category is not 'fibre optic', their online security category is 'no', their tech support category is 'no', and their contract category is 'month-to-month' detracted from this prediction. - The explanation allows me to understand the logic of the machine learning model used to generate the predictions","Please use the scale to evaluate the following explanation:

The customer is predicted to stay with the company because their tenure of 1483.48 is less than average. The fact that their internet service category is not 'fibre optic', their online security category is 'no', their tech support category is 'no', and their contract category is 'month-to-month' detracted from this prediction. - Thanks to the explanation, I believe that the model will return accurate predictions for all reasonable inputs","Please use the scale to evaluate the following explanation:

The customer is predicted to churn because their contract category is 'month-to-month', their payment method category is 'electronic check', and their tech support category is 'no'. The fact that their contract category is not 'two-year', and their streaming movies category is not 'no-internet-service', detracted from this prediction. - I have learned something from the explanation","Please use the scale to evaluate the following explanation:

The customer is predicted to churn because their contract category is 'month-to-month', their payment method category is 'electronic check', and their tech support category is 'no'. The fact that their contract category is not 'two-year', and their streaming movies category is not 'no-internet-service', detracted from this prediction. - The relationship between the input data and the predictions is vague","Please use the scale to evaluate the following explanation:

The customer is predicted to churn because their contract category is 'month-to-month', their payment method category is 'electronic check', and their tech support category is 'no'. The fact that their contract category is not 'two-year', and their streaming movies category is not 'no-internet-service', detracted from this prediction. - The structure of the explanation is not clear","Please use the scale to evaluate the following explanation:

The customer is predicted to churn because their contract category is 'month-to-month', their payment method category is 'electronic check', and their tech support category is 'no'. The fact that their contract category is not 'two-year', and their streaming movies category is not 'no-internet-service', detracted from this prediction. - It took me a long time to understand the explanation","Please use the scale to evaluate the following explanation:

The customer is predicted to churn because their contract category is 'month-to-month', their payment method category is 'electronic check', and their tech support category is 'no'. The fact that their contract category is not 'two-year', and their streaming movies category is not 'no-internet-service', detracted from this prediction. - The explanation is incomprehensible","Please use the scale to evaluate the following explanation:

The customer is predicted to churn because their contract category is 'month-to-month', their payment method category is 'electronic check', and their tech support category is 'no'. The fact that their contract category is not 'two-year', and their streaming movies category is not 'no-internet-service', detracted from this prediction. - The explanation provides useful information","Please use the scale to evaluate the following explanation:

The customer is predicted to churn because their contract category is 'month-to-month', their payment method category is 'electronic check', and their tech support category is 'no'. The fact that their contract category is not 'two-year', and their streaming movies category is not 'no-internet-service', detracted from this prediction. - External support was required to understand the explanation e.g. books, internet search, another person","Please use the scale to evaluate the following explanation:

The customer is predicted to churn because their contract category is 'month-to-month', their payment method category is 'electronic check', and their tech support category is 'no'. The fact that their contract category is not 'two-year', and their streaming movies category is not 'no-internet-service', detracted from this prediction. - The explanation is not interesting","Please use the scale to evaluate the following explanation:

The customer is predicted to churn because their contract category is 'month-to-month', their payment method category is 'electronic check', and their tech support category is 'no'. The fact that their contract category is not 'two-year', and their streaming movies category is not 'no-internet-service', detracted from this prediction. - The explanation allows me to understand the logic of the machine learning model used to generate the predictions","Please use the scale to evaluate the following explanation:

The customer is predicted to churn because their contract category is 'month-to-month', their payment method category is 'electronic check', and their tech support category is 'no'. The fact that their contract category is not 'two-year', and their streaming movies category is not 'no-internet-service', detracted from this prediction. - Thanks to the explanation, I believe that the model will return accurate predictions for all reasonable inputs","Please use the scale to evaluate the following explanation:

The individual is predicted to be a smoker because their gender is male, their age of 40 is less than average, their gtp of 127.00 is more than average, and their alt of 24.00 is less than average. The fact that their triglyceride level of 89.00 is less than average detracted from this prediction. - I have learned something from the explanation","Please use the scale to evaluate the following explanation:

The individual is predicted to be a smoker because their gender is male, their age of 40 is less than average, their gtp of 127.00 is more than average, and their alt of 24.00 is less than average. The fact that their triglyceride level of 89.00 is less than average detracted from this prediction. - The relationship between the input data and the predictions is vague","Please use the scale to evaluate the following explanation:

The individual is predicted to be a smoker because their gender is male, their age of 40 is less than average, their gtp of 127.00 is more than average, and their alt of 24.00 is less than average. The fact that their triglyceride level of 89.00 is less than average detracted from this prediction. - The structure of the explanation is not clear","Please use the scale to evaluate the following explanation:

The individual is predicted to be a smoker because their gender is male, their age of 40 is less than average, their gtp of 127.00 is more than average, and their alt of 24.00 is less than average. The fact that their triglyceride level of 89.00 is less than average detracted from this prediction. - It took me a long time to understand the explanation","Please use the scale to evaluate the following explanation:

The individual is predicted to be a smoker because their gender is male, their age of 40 is less than average, their gtp of 127.00 is more than average, and their alt of 24.00 is less than average. The fact that their triglyceride level of 89.00 is less than average detracted from this prediction. - The explanation is incomprehensible","Please use the scale to evaluate the following explanation:

The individual is predicted to be a smoker because their gender is male, their age of 40 is less than average, their gtp of 127.00 is more than average, and their alt of 24.00 is less than average. The fact that their triglyceride level of 89.00 is less than average detracted from this prediction. - The explanation provides useful information","Please use the scale to evaluate the following explanation:

The individual is predicted to be a smoker because their gender is male, their age of 40 is less than average, their gtp of 127.00 is more than average, and their alt of 24.00 is less than average. The fact that their triglyceride level of 89.00 is less than average detracted from this prediction. - External support was required to understand the explanation e.g. books, internet search, another person","Please use the scale to evaluate the following explanation:

The individual is predicted to be a smoker because their gender is male, their age of 40 is less than average, their gtp of 127.00 is more than average, and their alt of 24.00 is less than average. The fact that their triglyceride level of 89.00 is less than average detracted from this prediction. - The explanation is not interesting","Please use the scale to evaluate the following explanation:

The individual is predicted to be a smoker because their gender is male, their age of 40 is less than average, their gtp of 127.00 is more than average, and their alt of 24.00 is less than average. The fact that their triglyceride level of 89.00 is less than average detracted from this prediction. - The explanation allows me to understand the logic of the machine learning model used to generate the predictions","Please use the scale to evaluate the following explanation:

The individual is predicted to be a smoker because their gender is male, their age of 40 is less than average, their gtp of 127.00 is more than average, and their alt of 24.00 is less than average. The fact that their triglyceride level of 89.00 is less than average detracted from this prediction. - Thanks to the explanation, I believe that the model will return accurate predictions for all reasonable inputs","Please use the scale to evaluate the following explanation:

The individual is predicted to be a smoker because their gender is male, their age of 40 is less than average, and their waist of 98.00 is more than average. The fact that their fasting blood sugar of 106.00 is more than average and their ldl of 106.00 is less than average detracted from this prediction. - I have learned something from the explanation","Please use the scale to evaluate the following explanation:

The individual is predicted to be a smoker because their gender is male, their age of 40 is less than average, and their waist of 98.00 is more than average. The fact that their fasting blood sugar of 106.00 is more than average and their ldl of 106.00 is less than average detracted from this prediction. - The relationship between the input data and the predictions is vague","Please use the scale to evaluate the following explanation:

The individual is predicted to be a smoker because their gender is male, their age of 40 is less than average, and their waist of 98.00 is more than average. The fact that their fasting blood sugar of 106.00 is more than average and their ldl of 106.00 is less than average detracted from this prediction. - The structure of the explanation is not clear","Please use the scale to evaluate the following explanation:

The individual is predicted to be a smoker because their gender is male, their age of 40 is less than average, and their waist of 98.00 is more than average. The fact that their fasting blood sugar of 106.00 is more than average and their ldl of 106.00 is less than average detracted from this prediction. - It took me a long time to understand the explanation","Please use the scale to evaluate the following explanation:

The individual is predicted to be a smoker because their gender is male, their age of 40 is less than average, and their waist of 98.00 is more than average. The fact that their fasting blood sugar of 106.00 is more than average and their ldl of 106.00 is less than average detracted from this prediction. - The explanation is incomprehensible","Please use the scale to evaluate the following explanation:

The individual is predicted to be a smoker because their gender is male, their age of 40 is less than average, and their waist of 98.00 is more than average. The fact that their fasting blood sugar of 106.00 is more than average and their ldl of 106.00 is less than average detracted from this prediction. - The explanation provides useful information","Please use the scale to evaluate the following explanation:

The individual is predicted to be a smoker because their gender is male, their age of 40 is less than average, and their waist of 98.00 is more than average. The fact that their fasting blood sugar of 106.00 is more than average and their ldl of 106.00 is less than average detracted from this prediction. - External support was required to understand the explanation e.g. books, internet search, another person","Please use the scale to evaluate the following explanation:

The individual is predicted to be a smoker because their gender is male, their age of 40 is less than average, and their waist of 98.00 is more than average. The fact that their fasting blood sugar of 106.00 is more than average and their ldl of 106.00 is less than average detracted from this prediction. - The explanation is not interesting","Please use the scale to evaluate the following explanation:

The individual is predicted to be a smoker because their gender is male, their age of 40 is less than average, and their waist of 98.00 is more than average. The fact that their fasting blood sugar of 106.00 is more than average and their ldl of 106.00 is less than average detracted from this prediction. - The explanation allows me to understand the logic of the machine learning model used to generate the predictions","Please use the scale to evaluate the following explanation:

The individual is predicted to be a smoker because their gender is male, their age of 40 is less than average, and their waist of 98.00 is more than average. The fact that their fasting blood sugar of 106.00 is more than average and their ldl of 106.00 is less than average detracted from this prediction. - Thanks to the explanation, I believe that the model will return accurate predictions for all reasonable inputs","Please use the scale to evaluate the following explanation:

The individual is predicted to be a smoker because their gender is male, and their gtp of 38.00 is less than average. The fact that their age of 35 is less than average, their triglyceride of 120.00 is less than average, and their alt of 27.00 is more than average detracted from this prediction. - I have learned something from the explanation","Please use the scale to evaluate the following explanation:

The individual is predicted to be a smoker because their gender is male, and their gtp of 38.00 is less than average. The fact that their age of 35 is less than average, their triglyceride of 120.00 is less than average, and their alt of 27.00 is more than average detracted from this prediction. - The relationship between the input data and the predictions is vague","Please use the scale to evaluate the following explanation:

The individual is predicted to be a smoker because their gender is male, and their gtp of 38.00 is less than average. The fact that their age of 35 is less than average, their triglyceride of 120.00 is less than average, and their alt of 27.00 is more than average detracted from this prediction. - The structure of the explanation is not clear","Please use the scale to evaluate the following explanation:

The individual is predicted to be a smoker because their gender is male, and their gtp of 38.00 is less than average. The fact that their age of 35 is less than average, their triglyceride of 120.00 is less than average, and their alt of 27.00 is more than average detracted from this prediction. - It took me a long time to understand the explanation","Please use the scale to evaluate the following explanation:

The individual is predicted to be a smoker because their gender is male, and their gtp of 38.00 is less than average. The fact that their age of 35 is less than average, their triglyceride of 120.00 is less than average, and their alt of 27.00 is more than average detracted from this prediction. - The explanation is incomprehensible","Please use the scale to evaluate the following explanation:

The individual is predicted to be a smoker because their gender is male, and their gtp of 38.00 is less than average. The fact that their age of 35 is less than average, their triglyceride of 120.00 is less than average, and their alt of 27.00 is more than average detracted from this prediction. - The explanation provides useful information","Please use the scale to evaluate the following explanation:

The individual is predicted to be a smoker because their gender is male, and their gtp of 38.00 is less than average. The fact that their age of 35 is less than average, their triglyceride of 120.00 is less than average, and their alt of 27.00 is more than average detracted from this prediction. - External support was required to understand the explanation e.g. books, internet search, another person","Please use the scale to evaluate the following explanation:

The individual is predicted to be a smoker because their gender is male, and their gtp of 38.00 is less than average. The fact that their age of 35 is less than average, their triglyceride of 120.00 is less than average, and their alt of 27.00 is more than average detracted from this prediction. - The explanation is not interesting","Please use the scale to evaluate the following explanation:

The individual is predicted to be a smoker because their gender is male, and their gtp of 38.00 is less than average. The fact that their age of 35 is less than average, their triglyceride of 120.00 is less than average, and their alt of 27.00 is more than average detracted from this prediction. - The explanation allows me to understand the logic of the machine learning model used to generate the predictions","Please use the scale to evaluate the following explanation:

The individual is predicted to be a smoker because their gender is male, and their gtp of 38.00 is less than average. The fact that their age of 35 is less than average, their triglyceride of 120.00 is less than average, and their alt of 27.00 is more than average detracted from this prediction. - Thanks to the explanation, I believe that the model will return accurate predictions for all reasonable inputs","Please use the scale to evaluate the following explanation:

The individual is predicted to be a smoker because their gender is male. The fact that their age of 35 is less than average, their waist of 83.60 is more than average, their fasting blood sugar of 109.00 is more than average, and their ldl of 75.00 is less than average detracted from this prediction. - I have learned something from the explanation","Please use the scale to evaluate the following explanation:

The individual is predicted to be a smoker because their gender is male. The fact that their age of 35 is less than average, their waist of 83.60 is more than average, their fasting blood sugar of 109.00 is more than average, and their ldl of 75.00 is less than average detracted from this prediction. - The relationship between the input data and the predictions is vague","Please use the scale to evaluate the following explanation:

The individual is predicted to be a smoker because their gender is male. The fact that their age of 35 is less than average, their waist of 83.60 is more than average, their fasting blood sugar of 109.00 is more than average, and their ldl of 75.00 is less than average detracted from this prediction. - The structure of the explanation is not clear","Please use the scale to evaluate the following explanation:

The individual is predicted to be a smoker because their gender is male. The fact that their age of 35 is less than average, their waist of 83.60 is more than average, their fasting blood sugar of 109.00 is more than average, and their ldl of 75.00 is less than average detracted from this prediction. - It took me a long time to understand the explanation","Please use the scale to evaluate the following explanation:

The individual is predicted to be a smoker because their gender is male. The fact that their age of 35 is less than average, their waist of 83.60 is more than average, their fasting blood sugar of 109.00 is more than average, and their ldl of 75.00 is less than average detracted from this prediction. - The explanation is incomprehensible","Please use the scale to evaluate the following explanation:

The individual is predicted to be a smoker because their gender is male. The fact that their age of 35 is less than average, their waist of 83.60 is more than average, their fasting blood sugar of 109.00 is more than average, and their ldl of 75.00 is less than average detracted from this prediction. - The explanation provides useful information","Please use the scale to evaluate the following explanation:

The individual is predicted to be a smoker because their gender is male. The fact that their age of 35 is less than average, their waist of 83.60 is more than average, their fasting blood sugar of 109.00 is more than average, and their ldl of 75.00 is less than average detracted from this prediction. - External support was required to understand the explanation e.g. books, internet search, another person","Please use the scale to evaluate the following explanation:

The individual is predicted to be a smoker because their gender is male. The fact that their age of 35 is less than average, their waist of 83.60 is more than average, their fasting blood sugar of 109.00 is more than average, and their ldl of 75.00 is less than average detracted from this prediction. - The explanation is not interesting","Please use the scale to evaluate the following explanation:

The individual is predicted to be a smoker because their gender is male. The fact that their age of 35 is less than average, their waist of 83.60 is more than average, their fasting blood sugar of 109.00 is more than average, and their ldl of 75.00 is less than average detracted from this prediction. - The explanation allows me to understand the logic of the machine learning model used to generate the predictions","Please use the scale to evaluate the following explanation:

The individual is predicted to be a smoker because their gender is male. The fact that their age of 35 is less than average, their waist of 83.60 is more than average, their fasting blood sugar of 109.00 is more than average, and their ldl of 75.00 is less than average detracted from this prediction. - Thanks to the explanation, I believe that the model will return accurate predictions for all reasonable inputs","Please use the scale to evaluate the following explanation:

The individual is predicted not to be a smoker because their gtp of 18.00 is less than average, and their triglyceride of 80.00 is less than average. The fact that their age of 40 is less than average, their alt of 10.00 is less than average, and their gender is female detracted from this prediction. - I have learned something from the explanation","Please use the scale to evaluate the following explanation:

The individual is predicted not to be a smoker because their gtp of 18.00 is less than average, and their triglyceride of 80.00 is less than average. The fact that their age of 40 is less than average, their alt of 10.00 is less than average, and their gender is female detracted from this prediction. - The relationship between the input data and the predictions is vague","Please use the scale to evaluate the following explanation:

The individual is predicted not to be a smoker because their gtp of 18.00 is less than average, and their triglyceride of 80.00 is less than average. The fact that their age of 40 is less than average, their alt of 10.00 is less than average, and their gender is female detracted from this prediction. - The structure of the explanation is not clear","Please use the scale to evaluate the following explanation:

The individual is predicted not to be a smoker because their gtp of 18.00 is less than average, and their triglyceride of 80.00 is less than average. The fact that their age of 40 is less than average, their alt of 10.00 is less than average, and their gender is female detracted from this prediction. - It took me a long time to understand the explanation","Please use the scale to evaluate the following explanation:

The individual is predicted not to be a smoker because their gtp of 18.00 is less than average, and their triglyceride of 80.00 is less than average. The fact that their age of 40 is less than average, their alt of 10.00 is less than average, and their gender is female detracted from this prediction. - The explanation is incomprehensible","Please use the scale to evaluate the following explanation:

The individual is predicted not to be a smoker because their gtp of 18.00 is less than average, and their triglyceride of 80.00 is less than average. The fact that their age of 40 is less than average, their alt of 10.00 is less than average, and their gender is female detracted from this prediction. - The explanation provides useful information","Please use the scale to evaluate the following explanation:

The individual is predicted not to be a smoker because their gtp of 18.00 is less than average, and their triglyceride of 80.00 is less than average. The fact that their age of 40 is less than average, their alt of 10.00 is less than average, and their gender is female detracted from this prediction. - External support was required to understand the explanation e.g. books, internet search, another person","Please use the scale to evaluate the following explanation:

The individual is predicted not to be a smoker because their gtp of 18.00 is less than average, and their triglyceride of 80.00 is less than average. The fact that their age of 40 is less than average, their alt of 10.00 is less than average, and their gender is female detracted from this prediction. - The explanation is not interesting","Please use the scale to evaluate the following explanation:

The individual is predicted not to be a smoker because their gtp of 18.00 is less than average, and their triglyceride of 80.00 is less than average. The fact that their age of 40 is less than average, their alt of 10.00 is less than average, and their gender is female detracted from this prediction. - The explanation allows me to understand the logic of the machine learning model used to generate the predictions","Please use the scale to evaluate the following explanation:

The individual is predicted not to be a smoker because their gtp of 18.00 is less than average, and their triglyceride of 80.00 is less than average. The fact that their age of 40 is less than average, their alt of 10.00 is less than average, and their gender is female detracted from this prediction. - Thanks to the explanation, I believe that the model will return accurate predictions for all reasonable inputs","Please use the scale to evaluate the following explanation:

The individual is predicted not to be a smoker because their ldl of 191.00 is more than average, and their fasting blood sugar of 87.00 is less than average. The fact that their age of 40 is less than average, their waist of 68.00 is less than average, and their gender is female detracted from this prediction. - I have learned something from the explanation","Please use the scale to evaluate the following explanation:

The individual is predicted not to be a smoker because their ldl of 191.00 is more than average, and their fasting blood sugar of 87.00 is less than average. The fact that their age of 40 is less than average, their waist of 68.00 is less than average, and their gender is female detracted from this prediction. - The relationship between the input data and the predictions is vague","Please use the scale to evaluate the following explanation:

The individual is predicted not to be a smoker because their ldl of 191.00 is more than average, and their fasting blood sugar of 87.00 is less than average. The fact that their age of 40 is less than average, their waist of 68.00 is less than average, and their gender is female detracted from this prediction. - The structure of the explanation is not clear","Please use the scale to evaluate the following explanation:

The individual is predicted not to be a smoker because their ldl of 191.00 is more than average, and their fasting blood sugar of 87.00 is less than average. The fact that their age of 40 is less than average, their waist of 68.00 is less than average, and their gender is female detracted from this prediction. - It took me a long time to understand the explanation","Please use the scale to evaluate the following explanation:

The individual is predicted not to be a smoker because their ldl of 191.00 is more than average, and their fasting blood sugar of 87.00 is less than average. The fact that their age of 40 is less than average, their waist of 68.00 is less than average, and their gender is female detracted from this prediction. - The explanation is incomprehensible","Please use the scale to evaluate the following explanation:

The individual is predicted not to be a smoker because their ldl of 191.00 is more than average, and their fasting blood sugar of 87.00 is less than average. The fact that their age of 40 is less than average, their waist of 68.00 is less than average, and their gender is female detracted from this prediction. - The explanation provides useful information","Please use the scale to evaluate the following explanation:

The individual is predicted not to be a smoker because their ldl of 191.00 is more than average, and their fasting blood sugar of 87.00 is less than average. The fact that their age of 40 is less than average, their waist of 68.00 is less than average, and their gender is female detracted from this prediction. - External support was required to understand the explanation e.g. books, internet search, another person","Please use the scale to evaluate the following explanation:

The individual is predicted not to be a smoker because their ldl of 191.00 is more than average, and their fasting blood sugar of 87.00 is less than average. The fact that their age of 40 is less than average, their waist of 68.00 is less than average, and their gender is female detracted from this prediction. - The explanation is not interesting","Please use the scale to evaluate the following explanation:

The individual is predicted not to be a smoker because their ldl of 191.00 is more than average, and their fasting blood sugar of 87.00 is less than average. The fact that their age of 40 is less than average, their waist of 68.00 is less than average, and their gender is female detracted from this prediction. - The explanation allows me to understand the logic of the machine learning model used to generate the predictions","Please use the scale to evaluate the following explanation:

The individual is predicted not to be a smoker because their ldl of 191.00 is more than average, and their fasting blood sugar of 87.00 is less than average. The fact that their age of 40 is less than average, their waist of 68.00 is less than average, and their gender is female detracted from this prediction. - Thanks to the explanation, I believe that the model will return accurate predictions for all reasonable inputs","Please use the scale to evaluate the following explanation:

The individual is predicted not to be a smoker because their age of 75 is more than average, their triglyceride of 58.00 is less than average, and their gtp of 16.00 is less than average. The fact that their gender is male and their alt of 11.00 is less than average detracted from this prediction. - I have learned something from the explanation","Please use the scale to evaluate the following explanation:

The individual is predicted not to be a smoker because their age of 75 is more than average, their triglyceride of 58.00 is less than average, and their gtp of 16.00 is less than average. The fact that their gender is male and their alt of 11.00 is less than average detracted from this prediction. - The relationship between the input data and the predictions is vague","Please use the scale to evaluate the following explanation:

The individual is predicted not to be a smoker because their age of 75 is more than average, their triglyceride of 58.00 is less than average, and their gtp of 16.00 is less than average. The fact that their gender is male and their alt of 11.00 is less than average detracted from this prediction. - The structure of the explanation is not clear","Please use the scale to evaluate the following explanation:

The individual is predicted not to be a smoker because their age of 75 is more than average, their triglyceride of 58.00 is less than average, and their gtp of 16.00 is less than average. The fact that their gender is male and their alt of 11.00 is less than average detracted from this prediction. - It took me a long time to understand the explanation","Please use the scale to evaluate the following explanation:

The individual is predicted not to be a smoker because their age of 75 is more than average, their triglyceride of 58.00 is less than average, and their gtp of 16.00 is less than average. The fact that their gender is male and their alt of 11.00 is less than average detracted from this prediction. - The explanation is incomprehensible","Please use the scale to evaluate the following explanation:

The individual is predicted not to be a smoker because their age of 75 is more than average, their triglyceride of 58.00 is less than average, and their gtp of 16.00 is less than average. The fact that their gender is male and their alt of 11.00 is less than average detracted from this prediction. - The explanation provides useful information","Please use the scale to evaluate the following explanation:

The individual is predicted not to be a smoker because their age of 75 is more than average, their triglyceride of 58.00 is less than average, and their gtp of 16.00 is less than average. The fact that their gender is male and their alt of 11.00 is less than average detracted from this prediction. - External support was required to understand the explanation e.g. books, internet search, another person","Please use the scale to evaluate the following explanation:

The individual is predicted not to be a smoker because their age of 75 is more than average, their triglyceride of 58.00 is less than average, and their gtp of 16.00 is less than average. The fact that their gender is male and their alt of 11.00 is less than average detracted from this prediction. - The explanation is not interesting","Please use the scale to evaluate the following explanation:

The individual is predicted not to be a smoker because their age of 75 is more than average, their triglyceride of 58.00 is less than average, and their gtp of 16.00 is less than average. The fact that their gender is male and their alt of 11.00 is less than average detracted from this prediction. - The explanation allows me to understand the logic of the machine learning model used to generate the predictions","Please use the scale to evaluate the following explanation:

The individual is predicted not to be a smoker because their age of 75 is more than average, their triglyceride of 58.00 is less than average, and their gtp of 16.00 is less than average. The fact that their gender is male and their alt of 11.00 is less than average detracted from this prediction. - Thanks to the explanation, I believe that the model will return accurate predictions for all reasonable inputs","Please use the scale to evaluate the following explanation:

The individual is predicted not to be a smoker because their age of 75 is more than average, their ldl of 97.00 is less than average, and their fasting blood sugar of 93.00 is less than average. The fact that their gender is male and their waist size of 79.00 is less than average, detracted from this prediction. - I have learned something from the explanation","Please use the scale to evaluate the following explanation:

The individual is predicted not to be a smoker because their age of 75 is more than average, their ldl of 97.00 is less than average, and their fasting blood sugar of 93.00 is less than average. The fact that their gender is male and their waist size of 79.00 is less than average, detracted from this prediction. - The relationship between the input data and the predictions is vague","Please use the scale to evaluate the following explanation:

The individual is predicted not to be a smoker because their age of 75 is more than average, their ldl of 97.00 is less than average, and their fasting blood sugar of 93.00 is less than average. The fact that their gender is male and their waist size of 79.00 is less than average, detracted from this prediction. - The structure of the explanation is not clear","Please use the scale to evaluate the following explanation:

The individual is predicted not to be a smoker because their age of 75 is more than average, their ldl of 97.00 is less than average, and their fasting blood sugar of 93.00 is less than average. The fact that their gender is male and their waist size of 79.00 is less than average, detracted from this prediction. - It took me a long time to understand the explanation","Please use the scale to evaluate the following explanation:

The individual is predicted not to be a smoker because their age of 75 is more than average, their ldl of 97.00 is less than average, and their fasting blood sugar of 93.00 is less than average. The fact that their gender is male and their waist size of 79.00 is less than average, detracted from this prediction. - The explanation is incomprehensible","Please use the scale to evaluate the following explanation:

The individual is predicted not to be a smoker because their age of 75 is more than average, their ldl of 97.00 is less than average, and their fasting blood sugar of 93.00 is less than average. The fact that their gender is male and their waist size of 79.00 is less than average, detracted from this prediction. - The explanation provides useful information","Please use the scale to evaluate the following explanation:

The individual is predicted not to be a smoker because their age of 75 is more than average, their ldl of 97.00 is less than average, and their fasting blood sugar of 93.00 is less than average. The fact that their gender is male and their waist size of 79.00 is less than average, detracted from this prediction. - External support was required to understand the explanation e.g. books, internet search, another person","Please use the scale to evaluate the following explanation:

The individual is predicted not to be a smoker because their age of 75 is more than average, their ldl of 97.00 is less than average, and their fasting blood sugar of 93.00 is less than average. The fact that their gender is male and their waist size of 79.00 is less than average, detracted from this prediction. - The explanation is not interesting","Please use the scale to evaluate the following explanation:

The individual is predicted not to be a smoker because their age of 75 is more than average, their ldl of 97.00 is less than average, and their fasting blood sugar of 93.00 is less than average. The fact that their gender is male and their waist size of 79.00 is less than average, detracted from this prediction. - The explanation allows me to understand the logic of the machine learning model used to generate the predictions","Please use the scale to evaluate the following explanation:

The individual is predicted not to be a smoker because their age of 75 is more than average, their ldl of 97.00 is less than average, and their fasting blood sugar of 93.00 is less than average. The fact that their gender is male and their waist size of 79.00 is less than average, detracted from this prediction. - Thanks to the explanation, I believe that the model will return accurate predictions for all reasonable inputs","Please use the scale to evaluate the following explanation:

The individual is predicted to be a smoker because their gender is male, their gtp of 43.00 is more than average, and their triglyceride of 138.00 is more than average. The fact that their alt of 47.00 is more than average and their age of 25 is less than average detracted from this prediction. - I have learned something from the explanation","Please use the scale to evaluate the following explanation:

The individual is predicted to be a smoker because their gender is male, their gtp of 43.00 is more than average, and their triglyceride of 138.00 is more than average. The fact that their alt of 47.00 is more than average and their age of 25 is less than average detracted from this prediction. - The relationship between the input data and the predictions is vague","Please use the scale to evaluate the following explanation:

The individual is predicted to be a smoker because their gender is male, their gtp of 43.00 is more than average, and their triglyceride of 138.00 is more than average. The fact that their alt of 47.00 is more than average and their age of 25 is less than average detracted from this prediction. - The structure of the explanation is not clear","Please use the scale to evaluate the following explanation:

The individual is predicted to be a smoker because their gender is male, their gtp of 43.00 is more than average, and their triglyceride of 138.00 is more than average. The fact that their alt of 47.00 is more than average and their age of 25 is less than average detracted from this prediction. - It took me a long time to understand the explanation","Please use the scale to evaluate the following explanation:

The individual is predicted to be a smoker because their gender is male, their gtp of 43.00 is more than average, and their triglyceride of 138.00 is more than average. The fact that their alt of 47.00 is more than average and their age of 25 is less than average detracted from this prediction. - The explanation is incomprehensible","Please use the scale to evaluate the following explanation:

The individual is predicted to be a smoker because their gender is male, their gtp of 43.00 is more than average, and their triglyceride of 138.00 is more than average. The fact that their alt of 47.00 is more than average and their age of 25 is less than average detracted from this prediction. - The explanation provides useful information","Please use the scale to evaluate the following explanation:

The individual is predicted to be a smoker because their gender is male, their gtp of 43.00 is more than average, and their triglyceride of 138.00 is more than average. The fact that their alt of 47.00 is more than average and their age of 25 is less than average detracted from this prediction. - External support was required to understand the explanation e.g. books, internet search, another person","Please use the scale to evaluate the following explanation:

The individual is predicted to be a smoker because their gender is male, their gtp of 43.00 is more than average, and their triglyceride of 138.00 is more than average. The fact that their alt of 47.00 is more than average and their age of 25 is less than average detracted from this prediction. - The explanation is not interesting","Please use the scale to evaluate the following explanation:

The individual is predicted to be a smoker because their gender is male, their gtp of 43.00 is more than average, and their triglyceride of 138.00 is more than average. The fact that their alt of 47.00 is more than average and their age of 25 is less than average detracted from this prediction. - The explanation allows me to understand the logic of the machine learning model used to generate the predictions","Please use the scale to evaluate the following explanation:

The individual is predicted to be a smoker because their gender is male, their gtp of 43.00 is more than average, and their triglyceride of 138.00 is more than average. The fact that their alt of 47.00 is more than average and their age of 25 is less than average detracted from this prediction. - Thanks to the explanation, I believe that the model will return accurate predictions for all reasonable inputs","Please use the scale to evaluate the following explanation:

The individual is predicted to be a smoker because their gender is male, their waist of 86.00 is more than average, and their fasting blood sugar of 89.00 is less than average. The fact that their age of 25 is less than average and their ldl of 129.00 is more than average detracted from this prediction. - I have learned something from the explanation","Please use the scale to evaluate the following explanation:

The individual is predicted to be a smoker because their gender is male, their waist of 86.00 is more than average, and their fasting blood sugar of 89.00 is less than average. The fact that their age of 25 is less than average and their ldl of 129.00 is more than average detracted from this prediction. - The relationship between the input data and the predictions is vague","Please use the scale to evaluate the following explanation:

The individual is predicted to be a smoker because their gender is male, their waist of 86.00 is more than average, and their fasting blood sugar of 89.00 is less than average. The fact that their age of 25 is less than average and their ldl of 129.00 is more than average detracted from this prediction. - The structure of the explanation is not clear","Please use the scale to evaluate the following explanation:

The individual is predicted to be a smoker because their gender is male, their waist of 86.00 is more than average, and their fasting blood sugar of 89.00 is less than average. The fact that their age of 25 is less than average and their ldl of 129.00 is more than average detracted from this prediction. - It took me a long time to understand the explanation","Please use the scale to evaluate the following explanation:

The individual is predicted to be a smoker because their gender is male, their waist of 86.00 is more than average, and their fasting blood sugar of 89.00 is less than average. The fact that their age of 25 is less than average and their ldl of 129.00 is more than average detracted from this prediction. - The explanation is incomprehensible","Please use the scale to evaluate the following explanation:

The individual is predicted to be a smoker because their gender is male, their waist of 86.00 is more than average, and their fasting blood sugar of 89.00 is less than average. The fact that their age of 25 is less than average and their ldl of 129.00 is more than average detracted from this prediction. - The explanation provides useful information","Please use the scale to evaluate the following explanation:

The individual is predicted to be a smoker because their gender is male, their waist of 86.00 is more than average, and their fasting blood sugar of 89.00 is less than average. The fact that their age of 25 is less than average and their ldl of 129.00 is more than average detracted from this prediction. - External support was required to understand the explanation e.g. books, internet search, another person","Please use the scale to evaluate the following explanation:

The individual is predicted to be a smoker because their gender is male, their waist of 86.00 is more than average, and their fasting blood sugar of 89.00 is less than average. The fact that their age of 25 is less than average and their ldl of 129.00 is more than average detracted from this prediction. - The explanation is not interesting","Please use the scale to evaluate the following explanation:

The individual is predicted to be a smoker because their gender is male, their waist of 86.00 is more than average, and their fasting blood sugar of 89.00 is less than average. The fact that their age of 25 is less than average and their ldl of 129.00 is more than average detracted from this prediction. - The explanation allows me to understand the logic of the machine learning model used to generate the predictions","Please use the scale to evaluate the following explanation:

The individual is predicted to be a smoker because their gender is male, their waist of 86.00 is more than average, and their fasting blood sugar of 89.00 is less than average. The fact that their age of 25 is less than average and their ldl of 129.00 is more than average detracted from this prediction. - Thanks to the explanation, I believe that the model will return accurate predictions for all reasonable inputs","Please use the scale to evaluate the following explanation:

The individual is predicted to be a smoker because their gender is male and their alt of 11.00 is less than average. The fact that their age of 35 is less than average, their triglyceride of 68.00 is less than average, and their gtp of 22.00 is less than average detracted from this prediction. - I have learned something from the explanation","Please use the scale to evaluate the following explanation:

The individual is predicted to be a smoker because their gender is male and their alt of 11.00 is less than average. The fact that their age of 35 is less than average, their triglyceride of 68.00 is less than average, and their gtp of 22.00 is less than average detracted from this prediction. - The relationship between the input data and the predictions is vague","Please use the scale to evaluate the following explanation:

The individual is predicted to be a smoker because their gender is male and their alt of 11.00 is less than average. The fact that their age of 35 is less than average, their triglyceride of 68.00 is less than average, and their gtp of 22.00 is less than average detracted from this prediction. - The structure of the explanation is not clear","Please use the scale to evaluate the following explanation:

The individual is predicted to be a smoker because their gender is male and their alt of 11.00 is less than average. The fact that their age of 35 is less than average, their triglyceride of 68.00 is less than average, and their gtp of 22.00 is less than average detracted from this prediction. - It took me a long time to understand the explanation","Please use the scale to evaluate the following explanation:

The individual is predicted to be a smoker because their gender is male and their alt of 11.00 is less than average. The fact that their age of 35 is less than average, their triglyceride of 68.00 is less than average, and their gtp of 22.00 is less than average detracted from this prediction. - The explanation is incomprehensible","Please use the scale to evaluate the following explanation:

The individual is predicted to be a smoker because their gender is male and their alt of 11.00 is less than average. The fact that their age of 35 is less than average, their triglyceride of 68.00 is less than average, and their gtp of 22.00 is less than average detracted from this prediction. - The explanation provides useful information","Please use the scale to evaluate the following explanation:

The individual is predicted to be a smoker because their gender is male and their alt of 11.00 is less than average. The fact that their age of 35 is less than average, their triglyceride of 68.00 is less than average, and their gtp of 22.00 is less than average detracted from this prediction. - External support was required to understand the explanation e.g. books, internet search, another person","Please use the scale to evaluate the following explanation:

The individual is predicted to be a smoker because their gender is male and their alt of 11.00 is less than average. The fact that their age of 35 is less than average, their triglyceride of 68.00 is less than average, and their gtp of 22.00 is less than average detracted from this prediction. - The explanation is not interesting","Please use the scale to evaluate the following explanation:

The individual is predicted to be a smoker because their gender is male and their alt of 11.00 is less than average. The fact that their age of 35 is less than average, their triglyceride of 68.00 is less than average, and their gtp of 22.00 is less than average detracted from this prediction. - The explanation allows me to understand the logic of the machine learning model used to generate the predictions","Please use the scale to evaluate the following explanation:

The individual is predicted to be a smoker because their gender is male and their alt of 11.00 is less than average. The fact that their age of 35 is less than average, their triglyceride of 68.00 is less than average, and their gtp of 22.00 is less than average detracted from this prediction. - Thanks to the explanation, I believe that the model will return accurate predictions for all reasonable inputs","Please use the scale to evaluate the following explanation:

The individual is predicted to be a smoker because their gender is male. The fact that their age of 35 is less than average, their waist of 76.00 is less than average, their fasting blood sugar of 92.00 is less than average, and their ldl of 88.00 is less than average detracted from this prediction. - I have learned something from the explanation","Please use the scale to evaluate the following explanation:

The individual is predicted to be a smoker because their gender is male. The fact that their age of 35 is less than average, their waist of 76.00 is less than average, their fasting blood sugar of 92.00 is less than average, and their ldl of 88.00 is less than average detracted from this prediction. - The relationship between the input data and the predictions is vague","Please use the scale to evaluate the following explanation:

The individual is predicted to be a smoker because their gender is male. The fact that their age of 35 is less than average, their waist of 76.00 is less than average, their fasting blood sugar of 92.00 is less than average, and their ldl of 88.00 is less than average detracted from this prediction. - The structure of the explanation is not clear","Please use the scale to evaluate the following explanation:

The individual is predicted to be a smoker because their gender is male. The fact that their age of 35 is less than average, their waist of 76.00 is less than average, their fasting blood sugar of 92.00 is less than average, and their ldl of 88.00 is less than average detracted from this prediction. - It took me a long time to understand the explanation","Please use the scale to evaluate the following explanation:

The individual is predicted to be a smoker because their gender is male. The fact that their age of 35 is less than average, their waist of 76.00 is less than average, their fasting blood sugar of 92.00 is less than average, and their ldl of 88.00 is less than average detracted from this prediction. - The explanation is incomprehensible","Please use the scale to evaluate the following explanation:

The individual is predicted to be a smoker because their gender is male. The fact that their age of 35 is less than average, their waist of 76.00 is less than average, their fasting blood sugar of 92.00 is less than average, and their ldl of 88.00 is less than average detracted from this prediction. - The explanation provides useful information","Please use the scale to evaluate the following explanation:

The individual is predicted to be a smoker because their gender is male. The fact that their age of 35 is less than average, their waist of 76.00 is less than average, their fasting blood sugar of 92.00 is less than average, and their ldl of 88.00 is less than average detracted from this prediction. - External support was required to understand the explanation e.g. books, internet search, another person","Please use the scale to evaluate the following explanation:

The individual is predicted to be a smoker because their gender is male. The fact that their age of 35 is less than average, their waist of 76.00 is less than average, their fasting blood sugar of 92.00 is less than average, and their ldl of 88.00 is less than average detracted from this prediction. - The explanation is not interesting","Please use the scale to evaluate the following explanation:

The individual is predicted to be a smoker because their gender is male. The fact that their age of 35 is less than average, their waist of 76.00 is less than average, their fasting blood sugar of 92.00 is less than average, and their ldl of 88.00 is less than average detracted from this prediction. - The explanation allows me to understand the logic of the machine learning model used to generate the predictions","Please use the scale to evaluate the following explanation:

The individual is predicted to be a smoker because their gender is male. The fact that their age of 35 is less than average, their waist of 76.00 is less than average, their fasting blood sugar of 92.00 is less than average, and their ldl of 88.00 is less than average detracted from this prediction. - Thanks to the explanation, I believe that the model will return accurate predictions for all reasonable inputs","Please use the scale to evaluate the following explanation:

The individual is predicted to be a smoker because their gender is male, their gtp of 43.00 is more than average, and their alt of 26.00 is less than average. The fact that their triglyceride level of 78.00 is less than average, and their age of 25 is less than average, detracted from this prediction. - I have learned something from the explanation","Please use the scale to evaluate the following explanation:

The individual is predicted to be a smoker because their gender is male, their gtp of 43.00 is more than average, and their alt of 26.00 is less than average. The fact that their triglyceride level of 78.00 is less than average, and their age of 25 is less than average, detracted from this prediction. - The relationship between the input data and the predictions is vague","Please use the scale to evaluate the following explanation:

The individual is predicted to be a smoker because their gender is male, their gtp of 43.00 is more than average, and their alt of 26.00 is less than average. The fact that their triglyceride level of 78.00 is less than average, and their age of 25 is less than average, detracted from this prediction. - The structure of the explanation is not clear","Please use the scale to evaluate the following explanation:

The individual is predicted to be a smoker because their gender is male, their gtp of 43.00 is more than average, and their alt of 26.00 is less than average. The fact that their triglyceride level of 78.00 is less than average, and their age of 25 is less than average, detracted from this prediction. - It took me a long time to understand the explanation","Please use the scale to evaluate the following explanation:

The individual is predicted to be a smoker because their gender is male, their gtp of 43.00 is more than average, and their alt of 26.00 is less than average. The fact that their triglyceride level of 78.00 is less than average, and their age of 25 is less than average, detracted from this prediction. - The explanation is incomprehensible","Please use the scale to evaluate the following explanation:

The individual is predicted to be a smoker because their gender is male, their gtp of 43.00 is more than average, and their alt of 26.00 is less than average. The fact that their triglyceride level of 78.00 is less than average, and their age of 25 is less than average, detracted from this prediction. - The explanation provides useful information","Please use the scale to evaluate the following explanation:

The individual is predicted to be a smoker because their gender is male, their gtp of 43.00 is more than average, and their alt of 26.00 is less than average. The fact that their triglyceride level of 78.00 is less than average, and their age of 25 is less than average, detracted from this prediction. - External support was required to understand the explanation e.g. books, internet search, another person","Please use the scale to evaluate the following explanation:

The individual is predicted to be a smoker because their gender is male, their gtp of 43.00 is more than average, and their alt of 26.00 is less than average. The fact that their triglyceride level of 78.00 is less than average, and their age of 25 is less than average, detracted from this prediction. - The explanation is not interesting","Please use the scale to evaluate the following explanation:

The individual is predicted to be a smoker because their gender is male, their gtp of 43.00 is more than average, and their alt of 26.00 is less than average. The fact that their triglyceride level of 78.00 is less than average, and their age of 25 is less than average, detracted from this prediction. - The explanation allows me to understand the logic of the machine learning model used to generate the predictions","Please use the scale to evaluate the following explanation:

The individual is predicted to be a smoker because their gender is male, their gtp of 43.00 is more than average, and their alt of 26.00 is less than average. The fact that their triglyceride level of 78.00 is less than average, and their age of 25 is less than average, detracted from this prediction. - Thanks to the explanation, I believe that the model will return accurate predictions for all reasonable inputs","Please use the scale to evaluate the following explanation:

The individual is predicted to be a smoker because their gender is male, their waist of 88.00 is more than average, and their fasting blood sugar of 90.00 is less than average. The fact that their age of 25 is less than average and their ldl of 95.00 is less than average detracted from this prediction. - I have learned something from the explanation","Please use the scale to evaluate the following explanation:

The individual is predicted to be a smoker because their gender is male, their waist of 88.00 is more than average, and their fasting blood sugar of 90.00 is less than average. The fact that their age of 25 is less than average and their ldl of 95.00 is less than average detracted from this prediction. - The relationship between the input data and the predictions is vague","Please use the scale to evaluate the following explanation:

The individual is predicted to be a smoker because their gender is male, their waist of 88.00 is more than average, and their fasting blood sugar of 90.00 is less than average. The fact that their age of 25 is less than average and their ldl of 95.00 is less than average detracted from this prediction. - The structure of the explanation is not clear","Please use the scale to evaluate the following explanation:

The individual is predicted to be a smoker because their gender is male, their waist of 88.00 is more than average, and their fasting blood sugar of 90.00 is less than average. The fact that their age of 25 is less than average and their ldl of 95.00 is less than average detracted from this prediction. - It took me a long time to understand the explanation","Please use the scale to evaluate the following explanation:

The individual is predicted to be a smoker because their gender is male, their waist of 88.00 is more than average, and their fasting blood sugar of 90.00 is less than average. The fact that their age of 25 is less than average and their ldl of 95.00 is less than average detracted from this prediction. - The explanation is incomprehensible","Please use the scale to evaluate the following explanation:

The individual is predicted to be a smoker because their gender is male, their waist of 88.00 is more than average, and their fasting blood sugar of 90.00 is less than average. The fact that their age of 25 is less than average and their ldl of 95.00 is less than average detracted from this prediction. - The explanation provides useful information","Please use the scale to evaluate the following explanation:

The individual is predicted to be a smoker because their gender is male, their waist of 88.00 is more than average, and their fasting blood sugar of 90.00 is less than average. The fact that their age of 25 is less than average and their ldl of 95.00 is less than average detracted from this prediction. - External support was required to understand the explanation e.g. books, internet search, another person","Please use the scale to evaluate the following explanation:

The individual is predicted to be a smoker because their gender is male, their waist of 88.00 is more than average, and their fasting blood sugar of 90.00 is less than average. The fact that their age of 25 is less than average and their ldl of 95.00 is less than average detracted from this prediction. - The explanation is not interesting","Please use the scale to evaluate the following explanation:

The individual is predicted to be a smoker because their gender is male, their waist of 88.00 is more than average, and their fasting blood sugar of 90.00 is less than average. The fact that their age of 25 is less than average and their ldl of 95.00 is less than average detracted from this prediction. - The explanation allows me to understand the logic of the machine learning model used to generate the predictions","Please use the scale to evaluate the following explanation:

The individual is predicted to be a smoker because their gender is male, their waist of 88.00 is more than average, and their fasting blood sugar of 90.00 is less than average. The fact that their age of 25 is less than average and their ldl of 95.00 is less than average detracted from this prediction. - Thanks to the explanation, I believe that the model will return accurate predictions for all reasonable inputs","Please use the scale to evaluate the following explanation:

The individual is predicted not to be a smoker because their triglyceride level of 97.00 is less than average, and their gtp of 10.00 is less than average. The fact that their age of 40 is less than average, their alt of 13.00 is less than average, and their gender is female detracted from this prediction. - I have learned something from the explanation","Please use the scale to evaluate the following explanation:

The individual is predicted not to be a smoker because their triglyceride level of 97.00 is less than average, and their gtp of 10.00 is less than average. The fact that their age of 40 is less than average, their alt of 13.00 is less than average, and their gender is female detracted from this prediction. - The relationship between the input data and the predictions is vague","Please use the scale to evaluate the following explanation:

The individual is predicted not to be a smoker because their triglyceride level of 97.00 is less than average, and their gtp of 10.00 is less than average. The fact that their age of 40 is less than average, their alt of 13.00 is less than average, and their gender is female detracted from this prediction. - The structure of the explanation is not clear","Please use the scale to evaluate the following explanation:

The individual is predicted not to be a smoker because their triglyceride level of 97.00 is less than average, and their gtp of 10.00 is less than average. The fact that their age of 40 is less than average, their alt of 13.00 is less than average, and their gender is female detracted from this prediction. - It took me a long time to understand the explanation","Please use the scale to evaluate the following explanation:

The individual is predicted not to be a smoker because their triglyceride level of 97.00 is less than average, and their gtp of 10.00 is less than average. The fact that their age of 40 is less than average, their alt of 13.00 is less than average, and their gender is female detracted from this prediction. - The explanation is incomprehensible","Please use the scale to evaluate the following explanation:

The individual is predicted not to be a smoker because their triglyceride level of 97.00 is less than average, and their gtp of 10.00 is less than average. The fact that their age of 40 is less than average, their alt of 13.00 is less than average, and their gender is female detracted from this prediction. - The explanation provides useful information","Please use the scale to evaluate the following explanation:

The individual is predicted not to be a smoker because their triglyceride level of 97.00 is less than average, and their gtp of 10.00 is less than average. The fact that their age of 40 is less than average, their alt of 13.00 is less than average, and their gender is female detracted from this prediction. - External support was required to understand the explanation e.g. books, internet search, another person","Please use the scale to evaluate the following explanation:

The individual is predicted not to be a smoker because their triglyceride level of 97.00 is less than average, and their gtp of 10.00 is less than average. The fact that their age of 40 is less than average, their alt of 13.00 is less than average, and their gender is female detracted from this prediction. - The explanation is not interesting","Please use the scale to evaluate the following explanation:

The individual is predicted not to be a smoker because their triglyceride level of 97.00 is less than average, and their gtp of 10.00 is less than average. The fact that their age of 40 is less than average, their alt of 13.00 is less than average, and their gender is female detracted from this prediction. - The explanation allows me to understand the logic of the machine learning model used to generate the predictions","Please use the scale to evaluate the following explanation:

The individual is predicted not to be a smoker because their triglyceride level of 97.00 is less than average, and their gtp of 10.00 is less than average. The fact that their age of 40 is less than average, their alt of 13.00 is less than average, and their gender is female detracted from this prediction. - Thanks to the explanation, I believe that the model will return accurate predictions for all reasonable inputs","Please use the scale to evaluate the following explanation:

The individual is predicted not to be a smoker because their ldl of 74.00 is less than average, and their fasting blood sugar of 104.00 is more than average. The fact that their age of 40 is less than average, their waist of 91.00 is more than average, and their gender is female, detracted from this prediction. - I have learned something from the explanation","Please use the scale to evaluate the following explanation:

The individual is predicted not to be a smoker because their ldl of 74.00 is less than average, and their fasting blood sugar of 104.00 is more than average. The fact that their age of 40 is less than average, their waist of 91.00 is more than average, and their gender is female, detracted from this prediction. - The relationship between the input data and the predictions is vague","Please use the scale to evaluate the following explanation:

The individual is predicted not to be a smoker because their ldl of 74.00 is less than average, and their fasting blood sugar of 104.00 is more than average. The fact that their age of 40 is less than average, their waist of 91.00 is more than average, and their gender is female, detracted from this prediction. - The structure of the explanation is not clear","Please use the scale to evaluate the following explanation:

The individual is predicted not to be a smoker because their ldl of 74.00 is less than average, and their fasting blood sugar of 104.00 is more than average. The fact that their age of 40 is less than average, their waist of 91.00 is more than average, and their gender is female, detracted from this prediction. - It took me a long time to understand the explanation","Please use the scale to evaluate the following explanation:

The individual is predicted not to be a smoker because their ldl of 74.00 is less than average, and their fasting blood sugar of 104.00 is more than average. The fact that their age of 40 is less than average, their waist of 91.00 is more than average, and their gender is female, detracted from this prediction. - The explanation is incomprehensible","Please use the scale to evaluate the following explanation:

The individual is predicted not to be a smoker because their ldl of 74.00 is less than average, and their fasting blood sugar of 104.00 is more than average. The fact that their age of 40 is less than average, their waist of 91.00 is more than average, and their gender is female, detracted from this prediction. - The explanation provides useful information","Please use the scale to evaluate the following explanation:

The individual is predicted not to be a smoker because their ldl of 74.00 is less than average, and their fasting blood sugar of 104.00 is more than average. The fact that their age of 40 is less than average, their waist of 91.00 is more than average, and their gender is female, detracted from this prediction. - External support was required to understand the explanation e.g. books, internet search, another person","Please use the scale to evaluate the following explanation:

The individual is predicted not to be a smoker because their ldl of 74.00 is less than average, and their fasting blood sugar of 104.00 is more than average. The fact that their age of 40 is less than average, their waist of 91.00 is more than average, and their gender is female, detracted from this prediction. - The explanation is not interesting","Please use the scale to evaluate the following explanation:

The individual is predicted not to be a smoker because their ldl of 74.00 is less than average, and their fasting blood sugar of 104.00 is more than average. The fact that their age of 40 is less than average, their waist of 91.00 is more than average, and their gender is female, detracted from this prediction. - The explanation allows me to understand the logic of the machine learning model used to generate the predictions","Please use the scale to evaluate the following explanation:

The individual is predicted not to be a smoker because their ldl of 74.00 is less than average, and their fasting blood sugar of 104.00 is more than average. The fact that their age of 40 is less than average, their waist of 91.00 is more than average, and their gender is female, detracted from this prediction. - Thanks to the explanation, I believe that the model will return accurate predictions for all reasonable inputs","Please use the scale to evaluate the following explanation:

The individual is predicted to be a smoker because their gender is male, their triglyceride level of 217.00 is more than average, their age of 55 is more than average, and their gtp of 63.00 is more than average. The fact that their alt of 43.00 is more than average detracted from this prediction. - I have learned something from the explanation","Please use the scale to evaluate the following explanation:

The individual is predicted to be a smoker because their gender is male, their triglyceride level of 217.00 is more than average, their age of 55 is more than average, and their gtp of 63.00 is more than average. The fact that their alt of 43.00 is more than average detracted from this prediction. - The relationship between the input data and the predictions is vague","Please use the scale to evaluate the following explanation:

The individual is predicted to be a smoker because their gender is male, their triglyceride level of 217.00 is more than average, their age of 55 is more than average, and their gtp of 63.00 is more than average. The fact that their alt of 43.00 is more than average detracted from this prediction. - The structure of the explanation is not clear","Please use the scale to evaluate the following explanation:

The individual is predicted to be a smoker because their gender is male, their triglyceride level of 217.00 is more than average, their age of 55 is more than average, and their gtp of 63.00 is more than average. The fact that their alt of 43.00 is more than average detracted from this prediction. - It took me a long time to understand the explanation","Please use the scale to evaluate the following explanation:

The individual is predicted to be a smoker because their gender is male, their triglyceride level of 217.00 is more than average, their age of 55 is more than average, and their gtp of 63.00 is more than average. The fact that their alt of 43.00 is more than average detracted from this prediction. - The explanation is incomprehensible","Please use the scale to evaluate the following explanation:

The individual is predicted to be a smoker because their gender is male, their triglyceride level of 217.00 is more than average, their age of 55 is more than average, and their gtp of 63.00 is more than average. The fact that their alt of 43.00 is more than average detracted from this prediction. - The explanation provides useful information","Please use the scale to evaluate the following explanation:

The individual is predicted to be a smoker because their gender is male, their triglyceride level of 217.00 is more than average, their age of 55 is more than average, and their gtp of 63.00 is more than average. The fact that their alt of 43.00 is more than average detracted from this prediction. - External support was required to understand the explanation e.g. books, internet search, another person","Please use the scale to evaluate the following explanation:

The individual is predicted to be a smoker because their gender is male, their triglyceride level of 217.00 is more than average, their age of 55 is more than average, and their gtp of 63.00 is more than average. The fact that their alt of 43.00 is more than average detracted from this prediction. - The explanation is not interesting","Please use the scale to evaluate the following explanation:

The individual is predicted to be a smoker because their gender is male, their triglyceride level of 217.00 is more than average, their age of 55 is more than average, and their gtp of 63.00 is more than average. The fact that their alt of 43.00 is more than average detracted from this prediction. - The explanation allows me to understand the logic of the machine learning model used to generate the predictions","Please use the scale to evaluate the following explanation:

The individual is predicted to be a smoker because their gender is male, their triglyceride level of 217.00 is more than average, their age of 55 is more than average, and their gtp of 63.00 is more than average. The fact that their alt of 43.00 is more than average detracted from this prediction. - Thanks to the explanation, I believe that the model will return accurate predictions for all reasonable inputs","Please use the scale to evaluate the following explanation:

The individual is predicted to be a smoker because their gender is male and their age of 55 is more than average. The fact that their fasting blood sugar of 94.00 is less than average, their ldl of 95.00 is less than average, and their waist of 88.00 is more than average detracted from this prediction. - I have learned something from the explanation","Please use the scale to evaluate the following explanation:

The individual is predicted to be a smoker because their gender is male and their age of 55 is more than average. The fact that their fasting blood sugar of 94.00 is less than average, their ldl of 95.00 is less than average, and their waist of 88.00 is more than average detracted from this prediction. - The relationship between the input data and the predictions is vague","Please use the scale to evaluate the following explanation:

The individual is predicted to be a smoker because their gender is male and their age of 55 is more than average. The fact that their fasting blood sugar of 94.00 is less than average, their ldl of 95.00 is less than average, and their waist of 88.00 is more than average detracted from this prediction. - The structure of the explanation is not clear","Please use the scale to evaluate the following explanation:

The individual is predicted to be a smoker because their gender is male and their age of 55 is more than average. The fact that their fasting blood sugar of 94.00 is less than average, their ldl of 95.00 is less than average, and their waist of 88.00 is more than average detracted from this prediction. - It took me a long time to understand the explanation","Please use the scale to evaluate the following explanation:

The individual is predicted to be a smoker because their gender is male and their age of 55 is more than average. The fact that their fasting blood sugar of 94.00 is less than average, their ldl of 95.00 is less than average, and their waist of 88.00 is more than average detracted from this prediction. - The explanation is incomprehensible","Please use the scale to evaluate the following explanation:

The individual is predicted to be a smoker because their gender is male and their age of 55 is more than average. The fact that their fasting blood sugar of 94.00 is less than average, their ldl of 95.00 is less than average, and their waist of 88.00 is more than average detracted from this prediction. - The explanation provides useful information","Please use the scale to evaluate the following explanation:

The individual is predicted to be a smoker because their gender is male and their age of 55 is more than average. The fact that their fasting blood sugar of 94.00 is less than average, their ldl of 95.00 is less than average, and their waist of 88.00 is more than average detracted from this prediction. - External support was required to understand the explanation e.g. books, internet search, another person","Please use the scale to evaluate the following explanation:

The individual is predicted to be a smoker because their gender is male and their age of 55 is more than average. The fact that their fasting blood sugar of 94.00 is less than average, their ldl of 95.00 is less than average, and their waist of 88.00 is more than average detracted from this prediction. - The explanation is not interesting","Please use the scale to evaluate the following explanation:

The individual is predicted to be a smoker because their gender is male and their age of 55 is more than average. The fact that their fasting blood sugar of 94.00 is less than average, their ldl of 95.00 is less than average, and their waist of 88.00 is more than average detracted from this prediction. - The explanation allows me to understand the logic of the machine learning model used to generate the predictions","Please use the scale to evaluate the following explanation:

The individual is predicted to be a smoker because their gender is male and their age of 55 is more than average. The fact that their fasting blood sugar of 94.00 is less than average, their ldl of 95.00 is less than average, and their waist of 88.00 is more than average detracted from this prediction. - Thanks to the explanation, I believe that the model will return accurate predictions for all reasonable inputs","Please use the scale to evaluate the following explanation:

The individual is predicted to be a smoker because their gender is male, their triglyceride level of 110.00 is less than average, and their alt of 12.00 is less than average. The fact that their age of 30 is less than average and their gtp of 14.00 is less than average, detracted from this prediction. - I have learned something from the explanation","Please use the scale to evaluate the following explanation:

The individual is predicted to be a smoker because their gender is male, their triglyceride level of 110.00 is less than average, and their alt of 12.00 is less than average. The fact that their age of 30 is less than average and their gtp of 14.00 is less than average, detracted from this prediction. - The relationship between the input data and the predictions is vague","Please use the scale to evaluate the following explanation:

The individual is predicted to be a smoker because their gender is male, their triglyceride level of 110.00 is less than average, and their alt of 12.00 is less than average. The fact that their age of 30 is less than average and their gtp of 14.00 is less than average, detracted from this prediction. - The structure of the explanation is not clear","Please use the scale to evaluate the following explanation:

The individual is predicted to be a smoker because their gender is male, their triglyceride level of 110.00 is less than average, and their alt of 12.00 is less than average. The fact that their age of 30 is less than average and their gtp of 14.00 is less than average, detracted from this prediction. - It took me a long time to understand the explanation","Please use the scale to evaluate the following explanation:

The individual is predicted to be a smoker because their gender is male, their triglyceride level of 110.00 is less than average, and their alt of 12.00 is less than average. The fact that their age of 30 is less than average and their gtp of 14.00 is less than average, detracted from this prediction. - The explanation is incomprehensible","Please use the scale to evaluate the following explanation:

The individual is predicted to be a smoker because their gender is male, their triglyceride level of 110.00 is less than average, and their alt of 12.00 is less than average. The fact that their age of 30 is less than average and their gtp of 14.00 is less than average, detracted from this prediction. - The explanation provides useful information","Please use the scale to evaluate the following explanation:

The individual is predicted to be a smoker because their gender is male, their triglyceride level of 110.00 is less than average, and their alt of 12.00 is less than average. The fact that their age of 30 is less than average and their gtp of 14.00 is less than average, detracted from this prediction. - External support was required to understand the explanation e.g. books, internet search, another person","Please use the scale to evaluate the following explanation:

The individual is predicted to be a smoker because their gender is male, their triglyceride level of 110.00 is less than average, and their alt of 12.00 is less than average. The fact that their age of 30 is less than average and their gtp of 14.00 is less than average, detracted from this prediction. - The explanation is not interesting","Please use the scale to evaluate the following explanation:

The individual is predicted to be a smoker because their gender is male, their triglyceride level of 110.00 is less than average, and their alt of 12.00 is less than average. The fact that their age of 30 is less than average and their gtp of 14.00 is less than average, detracted from this prediction. - The explanation allows me to understand the logic of the machine learning model used to generate the predictions","Please use the scale to evaluate the following explanation:

The individual is predicted to be a smoker because their gender is male, their triglyceride level of 110.00 is less than average, and their alt of 12.00 is less than average. The fact that their age of 30 is less than average and their gtp of 14.00 is less than average, detracted from this prediction. - Thanks to the explanation, I believe that the model will return accurate predictions for all reasonable inputs","Please use the scale to evaluate the following explanation:

The individual is predicted to be a smoker because their gender is male, their age of 30 is less than average, their fasting blood sugar of 85.00 is less than average, and their ldl of 46.00 is less than average. The fact that their waist of 73.00 is less than average detracted from this prediction. - I have learned something from the explanation","Please use the scale to evaluate the following explanation:

The individual is predicted to be a smoker because their gender is male, their age of 30 is less than average, their fasting blood sugar of 85.00 is less than average, and their ldl of 46.00 is less than average. The fact that their waist of 73.00 is less than average detracted from this prediction. - The relationship between the input data and the predictions is vague","Please use the scale to evaluate the following explanation:

The individual is predicted to be a smoker because their gender is male, their age of 30 is less than average, their fasting blood sugar of 85.00 is less than average, and their ldl of 46.00 is less than average. The fact that their waist of 73.00 is less than average detracted from this prediction. - The structure of the explanation is not clear","Please use the scale to evaluate the following explanation:

The individual is predicted to be a smoker because their gender is male, their age of 30 is less than average, their fasting blood sugar of 85.00 is less than average, and their ldl of 46.00 is less than average. The fact that their waist of 73.00 is less than average detracted from this prediction. - It took me a long time to understand the explanation","Please use the scale to evaluate the following explanation:

The individual is predicted to be a smoker because their gender is male, their age of 30 is less than average, their fasting blood sugar of 85.00 is less than average, and their ldl of 46.00 is less than average. The fact that their waist of 73.00 is less than average detracted from this prediction. - The explanation is incomprehensible","Please use the scale to evaluate the following explanation:

The individual is predicted to be a smoker because their gender is male, their age of 30 is less than average, their fasting blood sugar of 85.00 is less than average, and their ldl of 46.00 is less than average. The fact that their waist of 73.00 is less than average detracted from this prediction. - The explanation provides useful information","Please use the scale to evaluate the following explanation:

The individual is predicted to be a smoker because their gender is male, their age of 30 is less than average, their fasting blood sugar of 85.00 is less than average, and their ldl of 46.00 is less than average. The fact that their waist of 73.00 is less than average detracted from this prediction. - External support was required to understand the explanation e.g. books, internet search, another person","Please use the scale to evaluate the following explanation:

The individual is predicted to be a smoker because their gender is male, their age of 30 is less than average, their fasting blood sugar of 85.00 is less than average, and their ldl of 46.00 is less than average. The fact that their waist of 73.00 is less than average detracted from this prediction. - The explanation is not interesting","Please use the scale to evaluate the following explanation:

The individual is predicted to be a smoker because their gender is male, their age of 30 is less than average, their fasting blood sugar of 85.00 is less than average, and their ldl of 46.00 is less than average. The fact that their waist of 73.00 is less than average detracted from this prediction. - The explanation allows me to understand the logic of the machine learning model used to generate the predictions","Please use the scale to evaluate the following explanation:

The individual is predicted to be a smoker because their gender is male, their age of 30 is less than average, their fasting blood sugar of 85.00 is less than average, and their ldl of 46.00 is less than average. The fact that their waist of 73.00 is less than average detracted from this prediction. - Thanks to the explanation, I believe that the model will return accurate predictions for all reasonable inputs","Please enter your Prolific ID.

Please note that this response should auto-fill with the correct ID.",Score,PROLIFIC_PID,STUDY_ID,SESSION_ID
"{""ImportId"":""startDate"",""timeZone"":""Europe/Dublin""}","{""ImportId"":""endDate"",""timeZone"":""Europe/Dublin""}","{""ImportId"":""status""}","{""ImportId"":""progress""}","{""ImportId"":""duration""}","{""ImportId"":""finished""}","{""ImportId"":""recordedDate"",""timeZone"":""Europe/Dublin""}","{""ImportId"":""_recordId""}","{""ImportId"":""distributionChannel""}","{""ImportId"":""userLanguage""}","{""ImportId"":""Q_RecaptchaScore""}","{""ImportId"":""Q_DuplicateRespondent""}","{""ImportId"":""Q_BallotBoxStuffing""}","{""ImportId"":""QID10""}","{""ImportId"":""QID11""}","{""ImportId"":""QID1""}","{""ImportId"":""QID12""}","{""ImportId"":""QID14""}","{""ImportId"":""QID20""}","{""ImportId"":""QID19""}","{""ImportId"":""QID18""}","{""ImportId"":""QID17""}","{""ImportId"":""QID16""}","{""ImportId"":""QID15""}","{""ImportId"":""QID13""}","{""ImportId"":""QID21""}","{""ImportId"":""QID22""}","{""ImportId"":""QID23""}","{""ImportId"":""QID24""}","{""ImportId"":""QID25""}","{""ImportId"":""QID26""}","{""ImportId"":""QID27""}","{""ImportId"":""QID28""}","{""ImportId"":""QID29""}","{""ImportId"":""QID30""}","{""ImportId"":""QID4_1""}","{""ImportId"":""QID4_2""}","{""ImportId"":""QID4_3""}","{""ImportId"":""QID4_4""}","{""ImportId"":""QID4_5""}","{""ImportId"":""QID4_6""}","{""ImportId"":""QID4_7""}","{""ImportId"":""QID4_8""}","{""ImportId"":""QID4_9""}","{""ImportId"":""QID4_10""}","{""ImportId"":""QID5_1""}","{""ImportId"":""QID5_2""}","{""ImportId"":""QID5_3""}","{""ImportId"":""QID5_4""}","{""ImportId"":""QID5_5""}","{""ImportId"":""QID5_6""}","{""ImportId"":""QID5_7""}","{""ImportId"":""QID5_8""}","{""ImportId"":""QID5_9""}","{""ImportId"":""QID5_10""}","{""ImportId"":""QID40_1""}","{""ImportId"":""QID40_2""}","{""ImportId"":""QID40_3""}","{""ImportId"":""QID40_4""}","{""ImportId"":""QID40_5""}","{""ImportId"":""QID40_6""}","{""ImportId"":""QID40_7""}","{""ImportId"":""QID40_8""}","{""ImportId"":""QID40_9""}","{""ImportId"":""QID40_10""}","{""ImportId"":""QID57_1""}","{""ImportId"":""QID57_2""}","{""ImportId"":""QID57_3""}","{""ImportId"":""QID57_4""}","{""ImportId"":""QID57_5""}","{""ImportId"":""QID57_6""}","{""ImportId"":""QID57_7""}","{""ImportId"":""QID57_8""}","{""ImportId"":""QID57_9""}","{""ImportId"":""QID57_10""}","{""ImportId"":""QID56_1""}","{""ImportId"":""QID56_2""}","{""ImportId"":""QID56_3""}","{""ImportId"":""QID56_4""}","{""ImportId"":""QID56_5""}","{""ImportId"":""QID56_6""}","{""ImportId"":""QID56_7""}","{""ImportId"":""QID56_8""}","{""ImportId"":""QID56_9""}","{""ImportId"":""QID56_10""}","{""ImportId"":""QID55_1""}","{""ImportId"":""QID55_2""}","{""ImportId"":""QID55_3""}","{""ImportId"":""QID55_4""}","{""ImportId"":""QID55_5""}","{""ImportId"":""QID55_6""}","{""ImportId"":""QID55_7""}","{""ImportId"":""QID55_8""}","{""ImportId"":""QID55_9""}","{""ImportId"":""QID55_10""}","{""ImportId"":""QID41_1""}","{""ImportId"":""QID41_2""}","{""ImportId"":""QID41_3""}","{""ImportId"":""QID41_4""}","{""ImportId"":""QID41_5""}","{""ImportId"":""QID41_6""}","{""ImportId"":""QID41_7""}","{""ImportId"":""QID41_8""}","{""ImportId"":""QID41_9""}","{""ImportId"":""QID41_10""}","{""ImportId"":""QID42_1""}","{""ImportId"":""QID42_2""}","{""ImportId"":""QID42_3""}","{""ImportId"":""QID42_4""}","{""ImportId"":""QID42_5""}","{""ImportId"":""QID42_6""}","{""ImportId"":""QID42_7""}","{""ImportId"":""QID42_8""}","{""ImportId"":""QID42_9""}","{""ImportId"":""QID42_10""}","{""ImportId"":""QID43_1""}","{""ImportId"":""QID43_2""}","{""ImportId"":""QID43_3""}","{""ImportId"":""QID43_4""}","{""ImportId"":""QID43_5""}","{""ImportId"":""QID43_6""}","{""ImportId"":""QID43_7""}","{""ImportId"":""QID43_8""}","{""ImportId"":""QID43_9""}","{""ImportId"":""QID43_10""}","{""ImportId"":""QID45_1""}","{""ImportId"":""QID45_2""}","{""ImportId"":""QID45_3""}","{""ImportId"":""QID45_4""}","{""ImportId"":""QID45_5""}","{""ImportId"":""QID45_6""}","{""ImportId"":""QID45_7""}","{""ImportId"":""QID45_8""}","{""ImportId"":""QID45_9""}","{""ImportId"":""QID45_10""}","{""ImportId"":""QID44_1""}","{""ImportId"":""QID44_2""}","{""ImportId"":""QID44_3""}","{""ImportId"":""QID44_4""}","{""ImportId"":""QID44_5""}","{""ImportId"":""QID44_6""}","{""ImportId"":""QID44_7""}","{""ImportId"":""QID44_8""}","{""ImportId"":""QID44_9""}","{""ImportId"":""QID44_10""}","{""ImportId"":""QID46_1""}","{""ImportId"":""QID46_2""}","{""ImportId"":""QID46_3""}","{""ImportId"":""QID46_4""}","{""ImportId"":""QID46_5""}","{""ImportId"":""QID46_6""}","{""ImportId"":""QID46_7""}","{""ImportId"":""QID46_8""}","{""ImportId"":""QID46_9""}","{""ImportId"":""QID46_10""}","{""ImportId"":""QID47_1""}","{""ImportId"":""QID47_2""}","{""ImportId"":""QID47_3""}","{""ImportId"":""QID47_4""}","{""ImportId"":""QID47_5""}","{""ImportId"":""QID47_6""}","{""ImportId"":""QID47_7""}","{""ImportId"":""QID47_8""}","{""ImportId"":""QID47_9""}","{""ImportId"":""QID47_10""}","{""ImportId"":""QID49_1""}","{""ImportId"":""QID49_2""}","{""ImportId"":""QID49_3""}","{""ImportId"":""QID49_4""}","{""ImportId"":""QID49_5""}","{""ImportId"":""QID49_6""}","{""ImportId"":""QID49_7""}","{""ImportId"":""QID49_8""}","{""ImportId"":""QID49_9""}","{""ImportId"":""QID49_10""}","{""ImportId"":""QID53_1""}","{""ImportId"":""QID53_2""}","{""ImportId"":""QID53_3""}","{""ImportId"":""QID53_4""}","{""ImportId"":""QID53_5""}","{""ImportId"":""QID53_6""}","{""ImportId"":""QID53_7""}","{""ImportId"":""QID53_8""}","{""ImportId"":""QID53_9""}","{""ImportId"":""QID53_10""}","{""ImportId"":""QID54_1""}","{""ImportId"":""QID54_2""}","{""ImportId"":""QID54_3""}","{""ImportId"":""QID54_4""}","{""ImportId"":""QID54_5""}","{""ImportId"":""QID54_6""}","{""ImportId"":""QID54_7""}","{""ImportId"":""QID54_8""}","{""ImportId"":""QID54_9""}","{""ImportId"":""QID54_10""}","{""ImportId"":""QID52_1""}","{""ImportId"":""QID52_2""}","{""ImportId"":""QID52_3""}","{""ImportId"":""QID52_4""}","{""ImportId"":""QID52_5""}","{""ImportId"":""QID52_6""}","{""ImportId"":""QID52_7""}","{""ImportId"":""QID52_8""}","{""ImportId"":""QID52_9""}","{""ImportId"":""QID52_10""}","{""ImportId"":""QID51_1""}","{""ImportId"":""QID51_2""}","{""ImportId"":""QID51_3""}","{""ImportId"":""QID51_4""}","{""ImportId"":""QID51_5""}","{""ImportId"":""QID51_6""}","{""ImportId"":""QID51_7""}","{""ImportId"":""QID51_8""}","{""ImportId"":""QID51_9""}","{""ImportId"":""QID51_10""}","{""ImportId"":""QID50_1""}","{""ImportId"":""QID50_2""}","{""ImportId"":""QID50_3""}","{""ImportId"":""QID50_4""}","{""ImportId"":""QID50_5""}","{""ImportId"":""QID50_6""}","{""ImportId"":""QID50_7""}","{""ImportId"":""QID50_8""}","{""ImportId"":""QID50_9""}","{""ImportId"":""QID50_10""}","{""ImportId"":""QID48_1""}","{""ImportId"":""QID48_2""}","{""ImportId"":""QID48_3""}","{""ImportId"":""QID48_4""}","{""ImportId"":""QID48_5""}","{""ImportId"":""QID48_6""}","{""ImportId"":""QID48_7""}","{""ImportId"":""QID48_8""}","{""ImportId"":""QID48_9""}","{""ImportId"":""QID48_10""}","{""ImportId"":""QID31_1""}","{""ImportId"":""QID31_2""}","{""ImportId"":""QID31_3""}","{""ImportId"":""QID31_4""}","{""ImportId"":""QID31_5""}","{""ImportId"":""QID31_6""}","{""ImportId"":""QID31_7""}","{""ImportId"":""QID31_8""}","{""ImportId"":""QID31_9""}","{""ImportId"":""QID31_10""}","{""ImportId"":""QID32_1""}","{""ImportId"":""QID32_2""}","{""ImportId"":""QID32_3""}","{""ImportId"":""QID32_4""}","{""ImportId"":""QID32_5""}","{""ImportId"":""QID32_6""}","{""ImportId"":""QID32_7""}","{""ImportId"":""QID32_8""}","{""ImportId"":""QID32_9""}","{""ImportId"":""QID32_10""}","{""ImportId"":""QID58_1""}","{""ImportId"":""QID58_2""}","{""ImportId"":""QID58_3""}","{""ImportId"":""QID58_4""}","{""ImportId"":""QID58_5""}","{""ImportId"":""QID58_6""}","{""ImportId"":""QID58_7""}","{""ImportId"":""QID58_8""}","{""ImportId"":""QID58_9""}","{""ImportId"":""QID58_10""}","{""ImportId"":""QID59_1""}","{""ImportId"":""QID59_2""}","{""ImportId"":""QID59_3""}","{""ImportId"":""QID59_4""}","{""ImportId"":""QID59_5""}","{""ImportId"":""QID59_6""}","{""ImportId"":""QID59_7""}","{""ImportId"":""QID59_8""}","{""ImportId"":""QID59_9""}","{""ImportId"":""QID59_10""}","{""ImportId"":""QID60_1""}","{""ImportId"":""QID60_2""}","{""ImportId"":""QID60_3""}","{""ImportId"":""QID60_4""}","{""ImportId"":""QID60_5""}","{""ImportId"":""QID60_6""}","{""ImportId"":""QID60_7""}","{""ImportId"":""QID60_8""}","{""ImportId"":""QID60_9""}","{""ImportId"":""QID60_10""}","{""ImportId"":""QID61_1""}","{""ImportId"":""QID61_2""}","{""ImportId"":""QID61_3""}","{""ImportId"":""QID61_4""}","{""ImportId"":""QID61_5""}","{""ImportId"":""QID61_6""}","{""ImportId"":""QID61_7""}","{""ImportId"":""QID61_8""}","{""ImportId"":""QID61_9""}","{""ImportId"":""QID61_10""}","{""ImportId"":""QID62_1""}","{""ImportId"":""QID62_2""}","{""ImportId"":""QID62_3""}","{""ImportId"":""QID62_4""}","{""ImportId"":""QID62_5""}","{""ImportId"":""QID62_6""}","{""ImportId"":""QID62_7""}","{""ImportId"":""QID62_8""}","{""ImportId"":""QID62_9""}","{""ImportId"":""QID62_10""}","{""ImportId"":""QID63_1""}","{""ImportId"":""QID63_2""}","{""ImportId"":""QID63_3""}","{""ImportId"":""QID63_4""}","{""ImportId"":""QID63_5""}","{""ImportId"":""QID63_6""}","{""ImportId"":""QID63_7""}","{""ImportId"":""QID63_8""}","{""ImportId"":""QID63_9""}","{""ImportId"":""QID63_10""}","{""ImportId"":""QID64_1""}","{""ImportId"":""QID64_2""}","{""ImportId"":""QID64_3""}","{""ImportId"":""QID64_4""}","{""ImportId"":""QID64_5""}","{""ImportId"":""QID64_6""}","{""ImportId"":""QID64_7""}","{""ImportId"":""QID64_8""}","{""ImportId"":""QID64_9""}","{""ImportId"":""QID64_10""}","{""ImportId"":""QID65_1""}","{""ImportId"":""QID65_2""}","{""ImportId"":""QID65_3""}","{""ImportId"":""QID65_4""}","{""ImportId"":""QID65_5""}","{""ImportId"":""QID65_6""}","{""ImportId"":""QID65_7""}","{""ImportId"":""QID65_8""}","{""ImportId"":""QID65_9""}","{""ImportId"":""QID65_10""}","{""ImportId"":""QID66_1""}","{""ImportId"":""QID66_2""}","{""ImportId"":""QID66_3""}","{""ImportId"":""QID66_4""}","{""ImportId"":""QID66_5""}","{""ImportId"":""QID66_6""}","{""ImportId"":""QID66_7""}","{""ImportId"":""QID66_8""}","{""ImportId"":""QID66_9""}","{""ImportId"":""QID66_10""}","{""ImportId"":""QID67_1""}","{""ImportId"":""QID67_2""}","{""ImportId"":""QID67_3""}","{""ImportId"":""QID67_4""}","{""ImportId"":""QID67_5""}","{""ImportId"":""QID67_6""}","{""ImportId"":""QID67_7""}","{""ImportId"":""QID67_8""}","{""ImportId"":""QID67_9""}","{""ImportId"":""QID67_10""}","{""ImportId"":""QID68_1""}","{""ImportId"":""QID68_2""}","{""ImportId"":""QID68_3""}","{""ImportId"":""QID68_4""}","{""ImportId"":""QID68_5""}","{""ImportId"":""QID68_6""}","{""ImportId"":""QID68_7""}","{""ImportId"":""QID68_8""}","{""ImportId"":""QID68_9""}","{""ImportId"":""QID68_10""}","{""ImportId"":""QID69_1""}","{""ImportId"":""QID69_2""}","{""ImportId"":""QID69_3""}","{""ImportId"":""QID69_4""}","{""ImportId"":""QID69_5""}","{""ImportId"":""QID69_6""}","{""ImportId"":""QID69_7""}","{""ImportId"":""QID69_8""}","{""ImportId"":""QID69_9""}","{""ImportId"":""QID69_10""}","{""ImportId"":""QID70_1""}","{""ImportId"":""QID70_2""}","{""ImportId"":""QID70_3""}","{""ImportId"":""QID70_4""}","{""ImportId"":""QID70_5""}","{""ImportId"":""QID70_6""}","{""ImportId"":""QID70_7""}","{""ImportId"":""QID70_8""}","{""ImportId"":""QID70_9""}","{""ImportId"":""QID70_10""}","{""ImportId"":""QID71_1""}","{""ImportId"":""QID71_2""}","{""ImportId"":""QID71_3""}","{""ImportId"":""QID71_4""}","{""ImportId"":""QID71_5""}","{""ImportId"":""QID71_6""}","{""ImportId"":""QID71_7""}","{""ImportId"":""QID71_8""}","{""ImportId"":""QID71_9""}","{""ImportId"":""QID71_10""}","{""ImportId"":""QID72_1""}","{""ImportId"":""QID72_2""}","{""ImportId"":""QID72_3""}","{""ImportId"":""QID72_4""}","{""ImportId"":""QID72_5""}","{""ImportId"":""QID72_6""}","{""ImportId"":""QID72_7""}","{""ImportId"":""QID72_8""}","{""ImportId"":""QID72_9""}","{""ImportId"":""QID72_10""}","{""ImportId"":""QID73_1""}","{""ImportId"":""QID73_2""}","{""ImportId"":""QID73_3""}","{""ImportId"":""QID73_4""}","{""ImportId"":""QID73_5""}","{""ImportId"":""QID73_6""}","{""ImportId"":""QID73_7""}","{""ImportId"":""QID73_8""}","{""ImportId"":""QID73_9""}","{""ImportId"":""QID73_10""}","{""ImportId"":""QID74_1""}","{""ImportId"":""QID74_2""}","{""ImportId"":""QID74_3""}","{""ImportId"":""QID74_4""}","{""ImportId"":""QID74_5""}","{""ImportId"":""QID74_6""}","{""ImportId"":""QID74_7""}","{""ImportId"":""QID74_8""}","{""ImportId"":""QID74_9""}","{""ImportId"":""QID74_10""}","{""ImportId"":""QID75_1""}","{""ImportId"":""QID75_2""}","{""ImportId"":""QID75_3""}","{""ImportId"":""QID75_4""}","{""ImportId"":""QID75_5""}","{""ImportId"":""QID75_6""}","{""ImportId"":""QID75_7""}","{""ImportId"":""QID75_8""}","{""ImportId"":""QID75_9""}","{""ImportId"":""QID75_10""}","{""ImportId"":""QID84_TEXT""}","{""ImportId"":""SC_8dFxAnbNUoxAYxU""}","{""ImportId"":""PROLIFIC_PID""}","{""ImportId"":""STUDY_ID""}","{""ImportId"":""SESSION_ID""}"
2026-02-17 08:59:16,2026-02-17 09:00:45,Survey Preview,100,88,True,2026-02-17 09:00:46,R_2pLboN4CWNNwuQh,preview,EN,,,,Yes,Yes,"The customer is predicted to stay with the company because their tenure of 6853.95 is more than average. The fact that their internet service category is 'fibre optic', their online security category is 'no', their tech support category is not 'no', and their contract category is 'month-to-month' detracted from this prediction.","The customer is predicted to churn because their tenure of 629.08 is less than average, and their online security category is 'no', their tech support category is 'no', and their contract category is 'month-to-month'. The fact that their internet service category is not 'fibre optic' detracted from this prediction.","The customer is predicted to stay with the company because their contract category is 'two years'. The fact that their contract category is not 'month-to-month', their payment method category is not 'electronic check', their tech support category is not 'no', and their streaming movies category is not 'no-internet-service', detracted from this prediction.","The customer is predicted to stay with the company because their tenure of 1239.36 is less than average. The fact that their internet service category is not 'fibre optic', their online security category is not 'no', their tech support category is 'no', and their contract category is 'month-to-month' detracted from this prediction.","The customer is predicted to stay with the company because their tenure of 3314.32 is less than average. The fact that their internet service category is not 'fibre optic', their online security category is 'no', their tech support category is not 'no', and their contract category is 'month-to-month' detracted from this prediction.","The customer is predicted to stay with the company because their tenure of 2093.76 is less than average. The fact that their internet service category is not 'fibre optic', their online security category is not 'no', their tech support category is not 'no', and their contract category is not 'month-to-month' detracted from this prediction.","The customer is predicted to stay with the company because their tenure of 5389.28 is more than average. The fact that their internet service category is not 'fibre optic', their online security category is not 'no', their tech support category is not 'no', and their contract category is not 'month-to-month' detracted from this prediction.","The customer is predicted to stay with the company because their contract category is 'two years'. The fact that their contract category is not 'month-to-month', their payment method category is 'electronic check', their tech support category is not 'no', and their streaming movies category is not 'no-internet-service', detracted from this prediction.","The customer is predicted to stay with the company because their tenure of 7708.35 is more than average. The fact that their internet service category is 'fibre optic', their online security category is 'no', their tech support category is not 'no', and their contract category is not 'month-to-month' detracted from this prediction.","The customer is predicted to churn because their contract category is 'month-to-month', their payment method category is 'electronic check', and their tech support category is 'no'. The fact that their contract category is not 'two-year', and their streaming movies category is not 'no-internet-service', detracted from this prediction.","The individual is predicted to be a smoker because their gender is male, their age of 40 is less than average, and their waist of 98.00 is more than average. The fact that their fasting blood sugar of 106.00 is more than average and their ldl of 106.00 is less than average detracted from this prediction.","The individual is predicted to be a smoker because their gender is male, and their gtp of 38.00 is less than average. The fact that their age of 35 is less than average, their triglyceride of 120.00 is less than average, and their alt of 27.00 is more than average detracted from this prediction.","The individual is predicted not to be a smoker because their gtp of 18.00 is less than average, and their triglyceride of 80.00 is less than average. The fact that their age of 40 is less than average, their alt of 10.00 is less than average, and their gender is female detracted from this prediction.","The individual is predicted not to be a smoker because their age of 75 is more than average, their triglyceride of 58.00 is less than average, and their gtp of 16.00 is less than average. The fact that their gender is male and their alt of 11.00 is less than average detracted from this prediction.","The individual is predicted to be a smoker because their gender is male, their waist of 86.00 is more than average, and their fasting blood sugar of 89.00 is less than average. The fact that their age of 25 is less than average and their ldl of 129.00 is more than average detracted from this prediction.","The individual is predicted to be a smoker because their gender is male. The fact that their age of 35 is less than average, their waist of 76.00 is less than average, their fasting blood sugar of 92.00 is less than average, and their ldl of 88.00 is less than average detracted from this prediction.","The individual is predicted to be a smoker because their gender is male, their gtp of 43.00 is more than average, and their alt of 26.00 is less than average. The fact that their triglyceride level of 78.00 is less than average, and their age of 25 is less than average, detracted from this prediction.","The individual is predicted not to be a smoker because their ldl of 74.00 is less than average, and their fasting blood sugar of 104.00 is more than average. The fact that their age of 40 is less than average, their waist of 91.00 is more than average, and their gender is female, detracted from this prediction.","The individual is predicted to be a smoker because their gender is male and their age of 55 is more than average. The fact that their fasting blood sugar of 94.00 is less than average, their ldl of 95.00 is less than average, and their waist of 88.00 is more than average detracted from this prediction.","The individual is predicted to be a smoker because their gender is male, their triglyceride level of 110.00 is less than average, and their alt of 12.00 is less than average. The fact that their age of 30 is less than average and their gtp of 14.00 is less than average, detracted from this prediction.",Strongly disagree,Somewhat disagree,Somewhat disagree,Somewhat disagree,Somewhat disagree,Somewhat disagree,Somewhat disagree,Somewhat disagree,Somewhat disagree,Somewhat disagree,Somewhat disagree,Somewhat disagree,Somewhat disagree,Somewhat disagree,Somewhat disagree,Somewhat disagree,Somewhat disagree,Somewhat disagree,Somewhat disagree,Somewhat disagree,,,,,,,,,,,,,,,,,,,,,,,,,,,,,,,,,,,,,,,,,,,,,,,,,,,,,,,,,,,,,,,,,,,,,,,,,,,,,,,,,,,,,,,,,,,,,,,,,,,,,,,,,,,,,,,,,,,,,,,,,,,,,,,,,,,,,,,,,,,,,,,,,,,,,,,,,,,,,,,,,,,,,,,,,,,,,,,,,,,,,Neither agree nor disagree,Neither agree nor disagree,Neither agree nor disagree,Neither agree nor disagree,Neither agree nor disagree,Neither agree nor disagree,Neither agree nor disagree,Neither agree nor disagree,Neither agree nor disagree,Neither agree nor disagree,Neither agree nor disagree,Neither agree nor disagree,Neither agree nor disagree,Neither agree nor disagree,Neither agree nor disagree,Neither agree nor disagree,Neither agree nor disagree,Neither agree nor disagree,Neither agree nor disagree,Neither agree nor disagree,,,,,,,,,,,,,,,,,,,,,,,,,,,,,,,,,,,,,,,,,,,,,,,,,,,,,,,,,,,,,,,,,,,,,,,,,,,,,,,,,,,,,,,,,,,,,,,,,,,,,,,,,,,,,,,,,,,,,,,,,,,,,,,,,,,,,,,,,,,,,,,,,,,,,,,,,,,,,,,,,,,,,,,,,,,,,,,,,,,,,,153,,,
2026-02-20 10:59:06,2026-02-20 11:12:13,IP Address,100,786,True,2026-02-20 11:12:13,R_2IVJR8pMP9nhh84,anonymous,EN,,,,Yes,Yes,"The customer is predicted to stay with the company because their tenure of 6853.95 is more than average. The fact that their internet service category is 'fibre optic', their online security category is 'no', their tech support category is not 'no', and their contract category is 'month-to-month' detracted from this prediction.","The customer is predicted to churn because their tenure of 629.08 is less than average, and their online security category is 'no', their tech support category is 'no', and their contract category is 'month-to-month'. The fact that their internet service category is not 'fibre optic' detracted from this prediction.","The customer is predicted to stay with the company because their contract category is 'two years'. The fact that their contract category is not 'month-to-month', their payment method category is not 'electronic check', their tech support category is not 'no', and their streaming movies category is not 'no-internet-service', detracted from this prediction.","The customer is predicted to churn because their contract category is 'month-to-month', and their tech support category is 'no'. The fact that their contract category is not 'two-year', their payment method category is not 'electronic check', and their streaming movies category is not 'no-internet-service', detracted from this prediction.","The customer is predicted to churn because their contract category is 'month-to-month'. The fact that their contract category is not 'two-year', their payment method category is not 'electronic check', their tech support category is not 'no', and their streaming movies category is not 'no-internet-service', detracted from this prediction.","The customer is predicted to stay with the company because their contract category is 'two years', and their streaming movies category is 'no-internet-service'. The fact that their contract category is not 'month-to-month', their payment method category is not 'electronic check', and their tech support category is not 'no', detracted from this prediction.","The customer is predicted to stay with the company because their tenure of 5389.28 is more than average. The fact that their internet service category is not 'fibre optic', their online security category is not 'no', their tech support category is not 'no', and their contract category is not 'month-to-month' detracted from this prediction.","The customer is predicted to stay with the company because their contract category is 'two years'. The fact that their contract category is not 'month-to-month', their payment method category is 'electronic check', their tech support category is not 'no', and their streaming movies category is not 'no-internet-service', detracted from this prediction.","The customer is predicted to stay with the company because their contract category is 'two years'. The fact that their contract category is not 'month-to-month', their payment method category is not 'electronic check', their tech support category is not 'no', and their streaming movies category is not 'no internet service', detracted from this prediction.","The customer is predicted to churn because their contract category is 'month-to-month', their payment method category is 'electronic check', and their tech support category is 'no'. The fact that their contract category is not 'two-year', and their streaming movies category is not 'no-internet-service', detracted from this prediction.",,,,,,,,,,,Somewhat disagree,Somewhat agree,Strongly agree,Somewhat agree,Somewhat agree,Neither agree nor disagree,Neither agree nor disagree,Somewhat agree,Somewhat disagree,Strongly disagree,Somewhat disagree,Neither agree nor disagree,Strongly agree,Strongly agree,Somewhat agree,Neither agree nor disagree,Somewhat agree,Somewhat agree,Strongly disagree,Somewhat disagree,,,,,,,,,,,,,,,,,,,,,,,,,,,,,,,,,,,,,,,,,,,,,,,,,,,,,,,,,,,,,,,,,,,,,,,,,,,,,,,,,,,,,,,,,,,,,,,,,,,,,,,,,,,,,,,,,,,,,,,,,,,,,,,,,,,,,,,,,,,,,,,,,,,,,,,,,,,,,,,,,,,,,,,,,,,,,,,,,,,,,,,,,,,,,,,,,,,,,,,,,,,,,,,,,,,,,,,,,,,,,,,,,,,,,,,,,,,,,,,,,,,,,,,,,,,,,,,,,,,,,,,,,,,,,,,,,,,,,,,,,,,,,,,,,,,,,,,,,,,,,,,,,,,,,,,,,,,,,,,,,,,,,,,,,,,,,,,,,,,,,,,,,,,,,,,,,,,,,,,,,,,,,,,,,,,,,,,,,,,,,,58,,,
2026-02-23 13:34:29,2026-02-23 13:42:43,IP Address,100,493,True,2026-02-23 13:42:43,R_8uyO1kgc5unvwbO,anonymous,EN,,,,Yes,Yes,"The customer is predicted to stay with the company because their tenure of 6853.95 is more than average. The fact that their internet service category is 'fibre optic', their online security category is 'no', their tech support category is not 'no', and their contract category is 'month-to-month' detracted from this prediction.","The customer is predicted to churn because their tenure of 629.08 is less than average, and their online security category is 'no', their tech support category is 'no', and their contract category is 'month-to-month'. The fact that their internet service category is not 'fibre optic' detracted from this prediction.",,,,"The customer is predicted to stay with the company because their tenure of 2093.76 is less than average. The fact that their internet service category is not 'fibre optic', their online security category is not 'no', their tech support category is not 'no', and their contract category is not 'month-to-month' detracted from this prediction.",,,"The customer is predicted to stay with the company because their tenure of 7708.35 is more than average. The fact that their internet service category is 'fibre optic', their online security category is 'no', their tech support category is not 'no', and their contract category is not 'month-to-month' detracted from this prediction.","The customer is predicted to stay with the company because their tenure of 1483.48 is less than average. The fact that their internet service category is not 'fibre optic', their online security category is 'no', their tech support category is 'no', and their contract category is 'month-to-month' detracted from this prediction.","The individual is predicted to be a smoker because their gender is male, their age of 40 is less than average, their gtp of 127.00 is more than average, and their alt of 24.00 is less than average. The fact that their triglyceride level of 89.00 is less than average detracted from this prediction.","The individual is predicted to be a smoker because their gender is male, and their gtp of 38.00 is less than average. The fact that their age of 35 is less than average, their triglyceride of 120.00 is less than average, and their alt of 27.00 is more than average detracted from this prediction.",,,"The individual is predicted to be a smoker because their gender is male, their waist of 86.00 is more than average, and their fasting blood sugar of 89.00 is less than average. The fact that their age of 25 is less than average and their ldl of 129.00 is more than average detracted from this prediction.","The individual is predicted to be a smoker because their gender is male and their alt of 11.00 is less than average. The fact that their age of 35 is less than average, their triglyceride of 68.00 is less than average, and their gtp of 22.00 is less than average detracted from this prediction.","The individual is predicted to be a smoker because their gender is male, their gtp of 43.00 is more than average, and their alt of 26.00 is less than average. The fact that their triglyceride level of 78.00 is less than average, and their age of 25 is less than average, detracted from this prediction.",,,,,,,,,,,,,,,,,,,,,,,,,,,,,,,,,,,,,,,,,,,,,,,,,,,,,,,,,,,,,,,,,,,,,,,,,,,,,,,,,,,,,,,,,,,,,,,,,,,,,,,,,,,,,,,,,,,,,,,,,,,,,,,,,,,,,,,,,,,,,,,,,,,,,,,,,,,,,,,,,,,,,,,,,,,,,,,,,,,,,,,,,,,,,,,,,,,,,,,,,,,,,,,,,,,,,,,,,,,,,,,,,,,,,,,,,,,,,,,,,,,,,,,,,,,,,,,,,,,,,,,,,,,,,,,,,,,,,,,,,,,,,,,,,,,,,,,,,,,,,,,,,,,,,,,,,,,,,,,,,,,,,,,,,,,,,,,,,,,,,,,,,,,,,,,,,,,,,,,,,,,,,,,,,,,,,,,,,,,,,,,,,,,,,,,,,,,,,,,,,,,,,13,,,
2026-02-23 17:45:35,2026-02-23 17:46:17,IP Address,100,42,True,2026-02-23 17:46:19,R_2covH5FwrrdojtD,anonymous,EN,1,,,Yes,Yes,"The customer is predicted to churn because their contract category is 'month-to-month'. The fact that their contract category is not 'two-year', their payment method category is not 'electronic check', their tech support category is not 'no', and their streaming movies category is not 'no-internet-service', detracted from this prediction.",,"The customer is predicted to stay with the company because their contract category is 'two years'. The fact that their contract category is not 'month-to-month', their payment method category is not 'electronic check', their tech support category is not 'no', and their streaming movies category is not 'no-internet-service', detracted from this prediction.","The customer is predicted to churn because their contract category is 'month-to-month', and their tech support category is 'no'. The fact that their contract category is not 'two-year', their payment method category is not 'electronic check', and their streaming movies category is not 'no-internet-service', detracted from this prediction.",,,"The customer is predicted to stay with the company because their streaming movies category is 'no-internet-service'. The fact that their contract category is not 'month-to-month', their contract category is not 'two-year', their payment method category is 'electronic check', and their tech support category is not 'no', detracted from this prediction.","The customer is predicted to stay with the company because their contract category is 'two years'. The fact that their contract category is not 'month-to-month', their payment method category is 'electronic check', their tech support category is not 'no', and their streaming movies category is not 'no-internet-service', detracted from this prediction.",,,,,"The individual is predicted not to be a smoker because their ldl of 191.00 is more than average, and their fasting blood sugar of 87.00 is less than average. The fact that their age of 40 is less than average, their waist of 68.00 is less than average, and their gender is female detracted from this prediction.","The individual is predicted not to be a smoker because their age of 75 is more than average, their ldl of 97.00 is less than average, and their fasting blood sugar of 93.00 is less than average. The fact that their gender is male and their waist size of 79.00 is less than average, detracted from this prediction.",,,,"The individual is predicted not to be a smoker because their ldl of 74.00 is less than average, and their fasting blood sugar of 104.00 is more than average. The fact that their age of 40 is less than average, their waist of 91.00 is more than average, and their gender is female, detracted from this prediction.","The individual is predicted to be a smoker because their gender is male, their triglyceride level of 217.00 is more than average, their age of 55 is more than average, and their gtp of 63.00 is more than average. The fact that their alt of 43.00 is more than average detracted from this prediction.","The individual is predicted to be a smoker because their gender is male, their triglyceride level of 110.00 is less than average, and their alt of 12.00 is less than average. The fact that their age of 30 is less than average and their gtp of 14.00 is less than average, detracted from this prediction.",,,,,,,,,,,,,,,,,,,,,,,,,,,,,,,,,,,,,,,,,,,,,,,,,,,,,,,,,,,,,,,,,,,,,,,,,,,,,,,,,,,,,,,,,,,,,,,,,,,,,,,,,,,,,,,,,,,,,,,,,,,,,,,,,,,,,,,,,,,,,,,,,,,,,,,,,,,,,,,,,,,,,,,,,,,,,,,,,,,,,,,,,,,,,,,,,,,,,,,,,,,,,,,,,,,,,,,,,,,,,,,,,,,,,,,,,,,,,,,,,,,,,,,,,,,,,,,,,,,,,,,,,,,,,,,,,,,,,,,,,,,,,,,,,,,,,,,,,,,,,,,,,,,,,,,,,,,,,,,,,,,,,,,,,,,,,,,,,,,,,,,,,,,,,,,,,,,,,,,,,,,,,,,,,,,,,,,,,,,,,,,,,,,,,,,,,,,,,,,,,none ^^,20,,,
2026-02-23 17:35:48,2026-02-23 17:49:23,IP Address,100,815,True,2026-02-23 17:49:24,R_8Vjy0stA74uO5sB,anonymous,EN,1,,,Yes,Yes,,,,,,,,,,,,,,,,,,,,,,,,,,,,,,,,,,,,,,,,,,,,,,,,,,,,,,,,,,,,,,,,,,,,,,,,,,,,,,,,,,,,,,,,,,,,,,,,,,,,,,,,,,,,,,,,,,,,,,,,,,,,,,,,,,,,,,,,,,,,,,,,,,,,,,,,,,,,,,,,,,,,,,,,,,,,,,,,,,,,,Somewhat agree,Somewhat agree,Somewhat agree,Somewhat agree,Neither agree nor disagree,Neither agree nor disagree,Somewhat agree,Somewhat disagree,Neither agree nor disagree,Neither agree nor disagree,Neither agree nor disagree,Somewhat agree,Somewhat agree,Somewhat agree,Somewhat agree,Neither agree nor disagree,Somewhat agree,Somewhat disagree,Somewhat disagree,Neither agree nor disagree,Neither agree nor disagree,Somewhat agree,Neither agree nor disagree,Somewhat agree,Neither agree nor disagree,Neither agree nor disagree,Somewhat agree,Somewhat disagree,Neither agree nor disagree,Neither agree nor disagree,Somewhat agree,Somewhat agree,Somewhat agree,Somewhat agree,Somewhat agree,Somewhat agree,Neither agree nor disagree,Somewhat disagree,Somewhat disagree,Neither agree nor disagree,,,,,,,,,,,,,,,,,,,,,,,,,,,,,,,,,,,,,,,,,,,,,,,,,,,,,,,,,,,,,,,,,,,,,,,,,,,,,,,,,Somewhat agree,Somewhat agree,Somewhat agree,Somewhat agree,Somewhat disagree,Somewhat agree,Somewhat agree,Neither agree nor disagree,Neither agree nor disagree,Neither agree nor disagree,Somewhat disagree,Somewhat agree,Neither agree nor disagree,Somewhat agree,Neither agree nor disagree,Neither agree nor disagree,Strongly agree,Strongly disagree,Neither agree nor disagree,Neither agree nor disagree,,,,,,,,,,,,,,,,,,,,,Somewhat agree,Somewhat agree,Somewhat disagree,Somewhat disagree,Somewhat disagree,Somewhat agree,Strongly agree,Somewhat disagree,Somewhat agree,Neither agree nor disagree,Somewhat agree,Strongly disagree,Strongly disagree,Somewhat disagree,Strongly disagree,Somewhat agree,Neither agree nor disagree,Strongly disagree,Somewhat agree,Neither agree nor disagree,,,,,,,,,,,,,,,,,,,,,,,,,,,,,,,,,,,,,,,,,,,,,,,,,,,,,,,,,,,,,none,243,,,
2026-02-23 22:12:00,2026-02-23 22:16:55,IP Address,100,295,True,2026-02-23 22:16:56,R_8TEI7VkzemHAaLT,anonymous,EN,1,,,Yes,Yes,,"The customer is predicted to churn because their tenure of 629.08 is less than average, and their online security category is 'no', their tech support category is 'no', and their contract category is 'month-to-month'. The fact that their internet service category is not 'fibre optic' detracted from this prediction.",,,"The customer is predicted to stay with the company because their tenure of 3314.32 is less than average. The fact that their internet service category is not 'fibre optic', their online security category is 'no', their tech support category is not 'no', and their contract category is 'month-to-month' detracted from this prediction.","The customer is predicted to stay with the company because their tenure of 2093.76 is less than average. The fact that their internet service category is not 'fibre optic', their online security category is not 'no', their tech support category is not 'no', and their contract category is not 'month-to-month' detracted from this prediction.",,,"The customer is predicted to stay with the company because their tenure of 7708.35 is more than average. The fact that their internet service category is 'fibre optic', their online security category is 'no', their tech support category is not 'no', and their contract category is not 'month-to-month' detracted from this prediction.","The customer is predicted to stay with the company because their tenure of 1483.48 is less than average. The fact that their internet service category is not 'fibre optic', their online security category is 'no', their tech support category is 'no', and their contract category is 'month-to-month' detracted from this prediction.","The individual is predicted to be a smoker because their gender is male, their age of 40 is less than average, and their waist of 98.00 is more than average. The fact that their fasting blood sugar of 106.00 is more than average and their ldl of 106.00 is less than average detracted from this prediction.",,"The individual is predicted not to be a smoker because their ldl of 191.00 is more than average, and their fasting blood sugar of 87.00 is less than average. The fact that their age of 40 is less than average, their waist of 68.00 is less than average, and their gender is female detracted from this prediction.","The individual is predicted not to be a smoker because their age of 75 is more than average, their ldl of 97.00 is less than average, and their fasting blood sugar of 93.00 is less than average. The fact that their gender is male and their waist size of 79.00 is less than average, detracted from this prediction.",,,,,"The individual is predicted to be a smoker because their gender is male and their age of 55 is more than average. The fact that their fasting blood sugar of 94.00 is less than average, their ldl of 95.00 is less than average, and their waist of 88.00 is more than average detracted from this prediction.","The individual is predicted to be a smoker because their gender is male, their age of 30 is less than average, their fasting blood sugar of 85.00 is less than average, and their ldl of 46.00 is less than average. The fact that their waist of 73.00 is less than average detracted from this prediction.",,,,,,,,,,,,,,,,,,,,,,,,,,,,,,,,,,,,,,,,,,,,,,,,,,,,,,,,,,,,,,,,,,,,,,,,,,,,,,,,,,,,,,,,,,,,,,,,,,,,,,,,,,,,,,,,,,,,,,,,,,,,,,,,,,,,,,,,,,,,,,,,,,,,,,,,,,,,,,,,,,,,,,,,,,,,,,,,,,,,,,,,,,,,,,,,,,,,,,,,,,,,,,,,,,,,,,,,,,,,,,,,,,,,,,,,,,,,,,,,,,,,,,,,,,,,,,,,,,,,,,,,,,,,,,,,,,,,,,,,,,,,,,,,,,,,,,,,,,,,,,,,,,,,,,,,,,,,,,,,,,,,,,,,,,,,,,,,,,,,,,,,,,,,,,,,,,,,,,,,,,,,,,,,,,,,,,,,,,,,,,,,,,,,,,,,,,,,,,,,,Na,17,,,
2026-02-24 10:49:57,2026-02-24 10:59:21,IP Address,100,563,True,2026-02-24 10:59:22,R_2nPZTRQhS1KVnLX,anonymous,EN,1,,,Yes,Yes,,,"The customer is predicted to stay with the company because their contract category is 'two years'. The fact that their contract category is not 'month-to-month', their payment method category is not 'electronic check', their tech support category is not 'no', and their streaming movies category is not 'no-internet-service', detracted from this prediction.",,,"The customer is predicted to stay with the company because their contract category is 'two years', and their streaming movies category is 'no-internet-service'. The fact that their contract category is not 'month-to-month', their payment method category is not 'electronic check', and their tech support category is not 'no', detracted from this prediction.","The customer is predicted to stay with the company because their streaming movies category is 'no-internet-service'. The fact that their contract category is not 'month-to-month', their contract category is not 'two-year', their payment method category is 'electronic check', and their tech support category is not 'no', detracted from this prediction.",,"The customer is predicted to stay with the company because their contract category is 'two years'. The fact that their contract category is not 'month-to-month', their payment method category is not 'electronic check', their tech support category is not 'no', and their streaming movies category is not 'no internet service', detracted from this prediction.","The customer is predicted to churn because their contract category is 'month-to-month', their payment method category is 'electronic check', and their tech support category is 'no'. The fact that their contract category is not 'two-year', and their streaming movies category is not 'no-internet-service', detracted from this prediction.",,"The individual is predicted to be a smoker because their gender is male. The fact that their age of 35 is less than average, their waist of 83.60 is more than average, their fasting blood sugar of 109.00 is more than average, and their ldl of 75.00 is less than average detracted from this prediction.",,,"The individual is predicted to be a smoker because their gender is male, their waist of 86.00 is more than average, and their fasting blood sugar of 89.00 is less than average. The fact that their age of 25 is less than average and their ldl of 129.00 is more than average detracted from this prediction.","The individual is predicted to be a smoker because their gender is male. The fact that their age of 35 is less than average, their waist of 76.00 is less than average, their fasting blood sugar of 92.00 is less than average, and their ldl of 88.00 is less than average detracted from this prediction.","The individual is predicted to be a smoker because their gender is male, their waist of 88.00 is more than average, and their fasting blood sugar of 90.00 is less than average. The fact that their age of 25 is less than average and their ldl of 95.00 is less than average detracted from this prediction.","The individual is predicted not to be a smoker because their ldl of 74.00 is less than average, and their fasting blood sugar of 104.00 is more than average. The fact that their age of 40 is less than average, their waist of 91.00 is more than average, and their gender is female, detracted from this prediction.",,,,,,,,,,,,,,,,,,,,,,,,,,,,,,,,,,,,,,,,,,,,,,,,,,,,,,,,,,,,,,,,,,,,,,,,,,,,,,,,,,,,,,,,,,,,,,,,,,,,,,,,,,,,,,,,,,,,,,,,,,,,,,,,,,,,,,,,,,,,,,,,,,,,,,,,,,,,,,,,,,,,,,,,,,,,,,,,,,,,,,,,,,,,,,,,,,,,,,,,,,,,,,,,,,,,,,,,,,,,,,,,,,,,,,,,,,,,,,,,,,,,,,,,,,,,,,,,,,,,,,,,,,,,,,,,,,,,,,,,,,,,,,,,,,,,,,,,,,,,,,,,,,,,,,,,,,,,,,,,,,,,,,,,,,,,,,,,,,,,,,,,,,,,,,,,,,,,,,,,,,,,,,,,,,,,,,,,,,,,,,,,,,,,,,,,,,,,,,,,,,,,22,,,
2026-02-24 17:25:30,2026-02-24 17:34:53,IP Address,100,563,True,2026-02-24 17:34:54,R_8VJXUv9ISJ7iFy7,anonymous,EN,1,,,Yes,Yes,,,,,,,,,,,,,,,,,,,,,,,,,,,,,,,,,,,,,,,,,,,,,,,,,,,,,,,,,,,,,,,,,,,,,,,,,,,,,,,,,,,,,,,,,,,,,,,,,,,,,Somewhat disagree,Somewhat agree,Somewhat agree,Neither agree nor disagree,Somewhat agree,Somewhat disagree,Neither agree nor disagree,Somewhat agree,Somewhat disagree,Somewhat disagree,Somewhat agree,Neither agree nor disagree,Neither agree nor disagree,Neither agree nor disagree,Neither agree nor disagree,Somewhat disagree,Somewhat disagree,Neither agree nor disagree,Somewhat agree,Somewhat disagree,,,,,,,,,,,,,,,,,,,,,,,,,,,,,,,,,,,,,,,,,Neither agree nor disagree,Somewhat agree,Somewhat agree,Somewhat agree,Somewhat agree,Neither agree nor disagree,Neither agree nor disagree,Strongly agree,Somewhat agree,Somewhat disagree,Somewhat agree,Neither agree nor disagree,Neither agree nor disagree,Somewhat disagree,Somewhat agree,Neither agree nor disagree,Somewhat disagree,Neither agree nor disagree,Neither agree nor disagree,Somewhat disagree,,,,,,,,,,,,,,,,,,,,,,,,,,,,,,,,,,,,,,,,,,,,,,,,,,,,,,,,,,,,,Somewhat disagree,Somewhat agree,Somewhat agree,Neither agree nor disagree,Somewhat agree,Somewhat disagree,Somewhat disagree,Somewhat agree,Somewhat disagree,Somewhat disagree,Somewhat agree,Neither agree nor disagree,Neither agree nor disagree,Somewhat disagree,Neither agree nor disagree,Somewhat agree,Neither agree nor disagree,Somewhat disagree,Somewhat disagree,Somewhat disagree,,,,,,,,,,,,,,,,,,,,,,,,,,,,,,,,,,,,,,,,,,,,,,,,,,,,,,,,,,,,,Somewhat disagree,Somewhat agree,Somewhat agree,Neither agree nor disagree,Somewhat agree,Neither agree nor disagree,Neither agree nor disagree,Somewhat disagree,Neither agree nor disagree,Somewhat disagree,Neither agree nor disagree,Neither agree nor disagree,Neither agree nor disagree,Neither agree nor disagree,Neither agree nor disagree,Neither agree nor disagree,Neither agree nor disagree,Neither agree nor disagree,Neither agree nor disagree,Neither agree nor disagree,,,,,,,,,,,,,,,,,,,,,,,,,,,,,,,,,,,,,,,,,,,,,,,,,,,,,,,,,,,,,,,,,,,,,,,,,,,,,,,,,9876,221,,,
2026-02-23 20:22:12,2026-02-23 20:22:47,IP Address,61,35,False,2026-02-24 20:22:50,R_8NWdAhza0d1zhbL,anonymous,EN,1,,,Yes,Yes,,,,,,,,,,,,,,,,,,,,,,,,,,,,,,,,,,,,,,,,,,,,,,,,,,,,,,,,,,,,,,,,,,,,,,,,,,,,,,,,,,,,,,,,,,,,,,,,,,,,,,,,,,,,,,,,,,,,,,,,,,,,,,,,,,,,,,,,,,,,,,,,,,,,,,,,,,,,,,,,,,,,,,,,,,,,,,,,,,,,,,,,,,,,,,,,,,,,,,,,,,,,,,,,,,,,,,,,,,,,,,,,,,,,,,,,,,,,,,,,,,,,,,,,,,,,,,,,,,,,,,,,,,,,,,,,,,,,,,,,,,,,,,,,,,,,,,,,,,,,,,,,,,,,,,,,,,,,,,,,,,,,,,,,,,,,,,,,,,,,,,,,,,,,,,,,,,,,,,,,,,,,,,,,,,,,,,,,,,,,,,,,,,,,,,,,,,,,,,,,,,,,,,,,,,,,,,,,,,,,,,2,,,
2026-02-23 22:59:32,2026-02-23 22:59:50,IP Address,61,18,False,2026-02-24 22:59:53,R_2NkAHx8jjhLvhtL,anonymous,EN,1,,,Yes,Yes,,,,,,,,,,,,,,,,,,,,,,,,,,,,,,,,,,,,,,,,,,,,,,,,,,,,,,,,,,,,,,,,,,,,,,,,,,,,,,,,,,,,,,,,,,,,,,,,,,,,,,,,,,,,,,,,,,,,,,,,,,,,,,,,,,,,,,,,,,,,,,,,,,,,,,,,,,,,,,,,,,,,,,,,,,,,,,,,,,,,,,,,,,,,,,,,,,,,,,,,,,,,,,,,,,,,,,,,,,,,,,,,,,,,,,,,,,,,,,,,,,,,,,,,,,,,,,,,,,,,,,,,,,,,,,,,,,,,,,,,,,,,,,,,,,,,,,,,,,,,,,,,,,,,,,,,,,,,,,,,,,,,,,,,,,,,,,,,,,,,,,,,,,,,,,,,,,,,,,,,,,,,,,,,,,,,,,,,,,,,,,,,,,,,,,,,,,,,,,,,,,,,,,,,,,,,,,,,,,,,,,2,,,
2026-02-25 09:27:38,2026-02-25 09:28:08,Survey Preview,100,30,True,2026-02-25 09:28:08,R_8fSN9xJBeulGYcI,preview,EN,1,,,Yes,Yes,"The customer is predicted to churn because their contract category is 'month-to-month'. The fact that their contract category is not 'two-year', their payment method category is not 'electronic check', their tech support category is not 'no', and their streaming movies category is not 'no-internet-service', detracted from this prediction.","The customer is predicted to churn because their contract category is 'month-to-month', and their tech support category is 'no'. The fact that their contract category is not 'two-year', their payment method category is not 'electronic check', and their streaming movies category is not 'no-internet-service', detracted from this prediction.",,"The customer is predicted to stay with the company because their tenure of 1239.36 is less than average. The fact that their internet service category is not 'fibre optic', their online security category is not 'no', their tech support category is 'no', and their contract category is 'month-to-month' detracted from this prediction.","The customer is predicted to stay with the company because their tenure of 3314.32 is less than average. The fact that their internet service category is not 'fibre optic', their online security category is 'no', their tech support category is not 'no', and their contract category is 'month-to-month' detracted from this prediction.",,,"The customer is predicted to stay with the company because their tenure of 6487.79 is more than average. The fact that their internet service category is 'fibre optic', their online security category is 'no', their tech support category is not 'no', and their contract category is not 'month-to-month' detracted from this prediction.",,,"The individual is predicted to be a smoker because their gender is male, their age of 40 is less than average, their gtp of 127.00 is more than average, and their alt of 24.00 is less than average. The fact that their triglyceride level of 89.00 is less than average detracted from this prediction.",,,"The individual is predicted not to be a smoker because their age of 75 is more than average, their triglyceride of 58.00 is less than average, and their gtp of 16.00 is less than average. The fact that their gender is male and their alt of 11.00 is less than average detracted from this prediction.",,"The individual is predicted to be a smoker because their gender is male and their alt of 11.00 is less than average. The fact that their age of 35 is less than average, their triglyceride of 68.00 is less than average, and their gtp of 22.00 is less than average detracted from this prediction.",,,"The individual is predicted to be a smoker because their gender is male, their triglyceride level of 217.00 is more than average, their age of 55 is more than average, and their gtp of 63.00 is more than average. The fact that their alt of 43.00 is more than average detracted from this prediction.","The individual is predicted to be a smoker because their gender is male, their triglyceride level of 110.00 is less than average, and their alt of 12.00 is less than average. The fact that their age of 30 is less than average and their gtp of 14.00 is less than average, detracted from this prediction.",,,,,,,,,,,,,,,,,,,,,,,,,,,,,,,,,,,,,,,,,,,,,,,,,,,,,,,,,,,,,,,,,,,,,,,,,,,,,,,,,,,,,,,,,,,,,,,,,,,,,,,,,,,,,,,,,,,,,,,,,,,,,,,,,,,,,,,,,,,,,,,,,,,,,,,,,,,,,,,,,,,,,,,,,,,,,,,,,,,,,,,,,,,,,,,,,,,,,,,,,,,,,,,,,,,,,,,,,,,,,,,,,,,,,,,,,,,,,,,,,,,,,,,,,,,,,,,,,,,,,,,,,,,,,,,,,,,,,,,,,,,,,,,,,,,,,,,,,,,,,,,,,,,,,,,,,,,,,,,,,,,,,,,,,,,,,,,,,,,,,,,,,,,,,,,,,,,,,,,,,,,,,,,,,,,,,,,,,,,,,,,,,,,,,,,,,,,,,,,,,kkkkk,14,,,
